[{"model": "samorzad.voting", "pk": 1, "fields": {"created_at": "2025-04-06T15:00:35.532Z", "updated_at": "2025-04-06T15:00:35.532Z", "planned_start": "2023-12-15T10:00:00Z", "planned_end": "2023-12-18T12:00:00Z"}}, {"model": "samorzad.voting", "pk": 2, "fields": {"created_at": "2025-04-06T15:01:10.745Z", "updated_at": "2025-04-06T15:01:10.745Z", "planned_start": "2025-04-01T10:00:00Z", "planned_end": "2025-04-15T12:00:00Z"}}, {"model": "samorzad.voting", "pk": 3, "fields": {"created_at": "2025-04-06T15:01:34.304Z", "updated_at": "2025-04-06T15:01:34.304Z", "planned_start": "2024-07-10T12:00:00Z", "planned_end": "2024-07-15T20:00:00Z"}}, {"model": "samorzad.voting", "pk": 4, "fields": {"created_at": "2025-04-06T15:02:07.562Z", "updated_at": "2025-04-06T15:02:07.562Z", "planned_start": "2021-03-30T10:00:00Z", "planned_end": "2021-04-12T10:00:00Z"}}, {"model": "samorzad.candidate", "pk": 1, "fields": {"first_name": "Piotr", "second_name": null, "last_name": "Wyrwiński", "image": "uploads/samorzad/uczen2_tIcF3bN.jpg", "created_at": "2025-04-06T14:56:44.953Z", "updated_at": "2025-04-06T14:56:44.953Z", "is_eligible": false}}, {"model": "samorzad.candidate", "pk": 2, "fields": {"first_name": "Zdzisław", "second_name": null, "last_name": "Dajmispokój", "image": "uploads/samorzad/wyrwin_r1iIrJs.jpg", "created_at": "2025-04-06T14:57:06.656Z", "updated_at": "2025-04-06T14:57:06.656Z", "is_eligible": false}}, {"model": "samorzad.candidate", "pk": 3, "fields": {"first_name": "Michalina", "second_name": null, "last_name": "Nowaczyk", "image": "uploads/samorzad/uczen3_TiuFZW6.webp", "created_at": "2025-04-06T14:57:45.891Z", "updated_at": "2025-04-06T14:57:45.891Z", "is_eligible": false}}, {"model": "samorzad.candidate", "pk": 4, "fields": {"first_name": "Jakub", "second_name": null, "last_name": "Sadziński", "image": "uploads/samorzad/thor_mwPsbGu.jpg", "created_at": "2025-04-06T14:58:25.923Z", "updated_at": "2025-04-06T14:58:25.923Z", "is_eligible": false}}, {"model": "samorzad.electoralprogram", "pk": 1, "fields": {"candidate": 1, "voting": 2, "info": "jak wygram to parking na neście będzie własnością ekonomika", "created_at": "2025-04-06T15:09:59.189Z", "updated_at": "2025-04-06T15:09:59.189Z"}}, {"model": "samorzad.electoralprogram", "pk": 2, "fields": {"candidate": 2, "voting": 2, "info": "Jak mnie nie wybierzesz to spalę szkolny sklepik", "created_at": "2025-04-06T15:10:19.331Z", "updated_at": "2025-04-06T15:10:19.331Z"}}, {"model": "samorzad.electoralprogram", "pk": 3, "fields": {"candidate": 3, "voting": 2, "info": "Jak wygram to kupię ci hotdog kabanos sos tysiąca wysp", "created_at": "2025-04-06T15:10:59.434Z", "updated_at": "2025-04-06T15:10:59.434Z"}}, {"model": "samorzad.electoralprogram", "pk": 4, "fields": {"candidate": 4, "voting": 2, "info": "Każdy głos oddany na mnie to jedno okno wybite w tebie", "created_at": "2025-04-06T15:12:21.894Z", "updated_at": "2025-04-06T15:12:21.894Z"}}, {"model": "samorzad.candidateregistration", "pk": 1, "fields": {"candidate": 1, "voting": 2, "is_eligible": true, "created_at": "2025-04-06T15:02:35.630Z"}}, {"model": "samorzad.candidateregistration", "pk": 2, "fields": {"candidate": 2, "voting": 2, "is_eligible": true, "created_at": "2025-04-06T15:03:07.405Z"}}, {"model": "samorzad.candidateregistration", "pk": 3, "fields": {"candidate": 3, "voting": 2, "is_eligible": true, "created_at": "2025-04-06T15:03:12.074Z"}}, {"model": "samorzad.candidateregistration", "pk": 4, "fields": {"candidate": 4, "voting": 2, "is_eligible": true, "created_at": "2025-04-06T15:03:16.403Z"}}, {"model": "samorzad.vote", "pk": 1702, "fields": {"candidate_registration": 2, "azure_user_id": "azure_user_1", "created_at": "2025-04-11T03:36:48Z"}}, {"model": "samorzad.vote", "pk": 1703, "fields": {"candidate_registration": 4, "azure_user_id": "azure_user_2", "created_at": "2025-04-05T11:38:52Z"}}, {"model": "samorzad.vote", "pk": 1704, "fields": {"candidate_registration": 4, "azure_user_id": "azure_user_3", "created_at": "2025-04-05T01:44:51Z"}}, {"model": "samorzad.vote", "pk": 1705, "fields": {"candidate_registration": 4, "azure_user_id": "azure_user_4", "created_at": "2025-04-12T13:01:36Z"}}, {"model": "samorzad.vote", "pk": 1706, "fields": {"candidate_registration": 3, "azure_user_id": "azure_user_5", "created_at": "2025-04-08T12:51:04Z"}}, {"model": "samorzad.vote", "pk": 1707, "fields": {"candidate_registration": 2, "azure_user_id": "azure_user_6", "created_at": "2025-04-09T00:10:51Z"}}, {"model": "samorzad.vote", "pk": 1708, "fields": {"candidate_registration": 2, "azure_user_id": "azure_user_7", "created_at": "2025-04-04T06:31:22Z"}}, {"model": "samorzad.vote", "pk": 1709, "fields": {"candidate_registration": 4, "azure_user_id": "azure_user_8", "created_at": "2025-04-01T18:17:57Z"}}, {"model": "samorzad.vote", "pk": 1710, "fields": {"candidate_registration": 3, "azure_user_id": "azure_user_9", "created_at": "2025-04-05T12:13:09Z"}}, {"model": "samorzad.vote", "pk": 1711, "fields": {"candidate_registration": 1, "azure_user_id": "azure_user_10", "created_at": "2025-04-07T11:13:24Z"}}, {"model": "samorzad.vote", "pk": 1712, "fields": {"candidate_registration": 3, "azure_user_id": "azure_user_11", "created_at": "2025-04-05T13:02:46Z"}}, {"model": "samorzad.vote", "pk": 1713, "fields": {"candidate_registration": 2, "azure_user_id": "azure_user_12", "created_at": "2025-04-13T05:50:03Z"}}, {"model": "samorzad.vote", "pk": 1714, "fields": {"candidate_registration": 2, "azure_user_id": "azure_user_13", "created_at": "2025-04-06T01:22:28Z"}}, {"model": "samorzad.vote", "pk": 1715, "fields": {"candidate_registration": 4, "azure_user_id": "azure_user_14", "created_at": "2025-04-02T19:09:18Z"}}, {"model": "samorzad.vote", "pk": 1716, "fields": {"candidate_registration": 2, "azure_user_id": "azure_user_15", "created_at": "2025-04-09T15:12:51Z"}}, {"model": "samorzad.vote", "pk": 1717, "fields": {"candidate_registration": 1, "azure_user_id": "azure_user_16", "created_at": "2025-04-12T18:15:46Z"}}, {"model": "samorzad.vote", "pk": 1718, "fields": {"candidate_registration": 3, "azure_user_id": "azure_user_17", "created_at": "2025-04-12T07:37:49Z"}}, {"model": "samorzad.vote", "pk": 1719, "fields": {"candidate_registration": 4, "azure_user_id": "azure_user_18", "created_at": "2025-04-08T13:34:18Z"}}, {"model": "samorzad.vote", "pk": 1720, "fields": {"candidate_registration": 3, "azure_user_id": "azure_user_19", "created_at": "2025-04-03T09:24:38Z"}}, {"model": "samorzad.vote", "pk": 1721, "fields": {"candidate_registration": 1, "azure_user_id": "azure_user_20", "created_at": "2025-04-06T05:05:47Z"}}, {"model": "samorzad.vote", "pk": 1722, "fields": {"candidate_registration": 4, "azure_user_id": "azure_user_21", "created_at": "2025-04-11T02:05:07Z"}}, {"model": "samorzad.vote", "pk": 1723, "fields": {"candidate_registration": 3, "azure_user_id": "azure_user_22", "created_at": "2025-04-06T11:33:20Z"}}, {"model": "samorzad.vote", "pk": 1724, "fields": {"candidate_registration": 1, "azure_user_id": "azure_user_23", "created_at": "2025-04-12T00:48:46Z"}}, {"model": "samorzad.vote", "pk": 1725, "fields": {"candidate_registration": 2, "azure_user_id": "azure_user_24", "created_at": "2025-04-11T03:05:54Z"}}, {"model": "samorzad.vote", "pk": 1726, "fields": {"candidate_registration": 3, "azure_user_id": "azure_user_25", "created_at": "2025-04-07T10:09:55Z"}}, {"model": "samorzad.vote", "pk": 1727, "fields": {"candidate_registration": 2, "azure_user_id": "azure_user_26", "created_at": "2025-04-08T12:14:42Z"}}, {"model": "samorzad.vote", "pk": 1728, "fields": {"candidate_registration": 1, "azure_user_id": "azure_user_27", "created_at": "2025-04-09T09:28:59Z"}}, {"model": "samorzad.vote", "pk": 1729, "fields": {"candidate_registration": 2, "azure_user_id": "azure_user_28", "created_at": "2025-04-02T12:48:10Z"}}, {"model": "samorzad.vote", "pk": 1730, "fields": {"candidate_registration": 4, "azure_user_id": "azure_user_29", "created_at": "2025-04-08T15:49:18Z"}}, {"model": "samorzad.vote", "pk": 1731, "fields": {"candidate_registration": 3, "azure_user_id": "azure_user_30", "created_at": "2025-04-04T00:56:12Z"}}, {"model": "samorzad.vote", "pk": 1732, "fields": {"candidate_registration": 1, "azure_user_id": "azure_user_31", "created_at": "2025-04-02T05:40:00Z"}}, {"model": "samorzad.vote", "pk": 1733, "fields": {"candidate_registration": 2, "azure_user_id": "azure_user_32", "created_at": "2025-04-11T03:00:06Z"}}, {"model": "samorzad.vote", "pk": 1734, "fields": {"candidate_registration": 2, "azure_user_id": "azure_user_33", "created_at": "2025-04-05T22:00:48Z"}}, {"model": "samorzad.vote", "pk": 1735, "fields": {"candidate_registration": 4, "azure_user_id": "azure_user_34", "created_at": "2025-04-09T23:48:24Z"}}, {"model": "samorzad.vote", "pk": 1736, "fields": {"candidate_registration": 3, "azure_user_id": "azure_user_35", "created_at": "2025-04-08T04:59:49Z"}}, {"model": "samorzad.vote", "pk": 1737, "fields": {"candidate_registration": 2, "azure_user_id": "azure_user_36", "created_at": "2025-04-15T10:30:24Z"}}, {"model": "samorzad.vote", "pk": 1738, "fields": {"candidate_registration": 1, "azure_user_id": "azure_user_37", "created_at": "2025-04-03T06:14:40Z"}}, {"model": "samorzad.vote", "pk": 1739, "fields": {"candidate_registration": 4, "azure_user_id": "azure_user_38", "created_at": "2025-04-04T22:24:48Z"}}, {"model": "samorzad.vote", "pk": 1740, "fields": {"candidate_registration": 4, "azure_user_id": "azure_user_39", "created_at": "2025-04-01T16:30:16Z"}}, {"model": "samorzad.vote", "pk": 1741, "fields": {"candidate_registration": 4, "azure_user_id": "azure_user_40", "created_at": "2025-04-07T13:37:42Z"}}, {"model": "samorzad.vote", "pk": 1742, "fields": {"candidate_registration": 2, "azure_user_id": "azure_user_41", "created_at": "2025-04-11T17:12:19Z"}}, {"model": "samorzad.vote", "pk": 1743, "fields": {"candidate_registration": 2, "azure_user_id": "azure_user_42", "created_at": "2025-04-13T03:10:54Z"}}, {"model": "samorzad.vote", "pk": 1744, "fields": {"candidate_registration": 1, "azure_user_id": "azure_user_43", "created_at": "2025-04-02T17:21:35Z"}}, {"model": "samorzad.vote", "pk": 1745, "fields": {"candidate_registration": 2, "azure_user_id": "azure_user_44", "created_at": "2025-04-01T20:35:19Z"}}, {"model": "samorzad.vote", "pk": 1746, "fields": {"candidate_registration": 2, "azure_user_id": "azure_user_45", "created_at": "2025-04-07T23:11:30Z"}}, {"model": "samorzad.vote", "pk": 1747, "fields": {"candidate_registration": 4, "azure_user_id": "azure_user_46", "created_at": "2025-04-11T15:13:30Z"}}, {"model": "samorzad.vote", "pk": 1748, "fields": {"candidate_registration": 2, "azure_user_id": "azure_user_47", "created_at": "2025-04-08T08:25:25Z"}}, {"model": "samorzad.vote", "pk": 1749, "fields": {"candidate_registration": 2, "azure_user_id": "azure_user_48", "created_at": "2025-04-11T10:53:27Z"}}, {"model": "samorzad.vote", "pk": 1750, "fields": {"candidate_registration": 4, "azure_user_id": "azure_user_49", "created_at": "2025-04-15T11:14:23Z"}}, {"model": "samorzad.vote", "pk": 1751, "fields": {"candidate_registration": 2, "azure_user_id": "azure_user_50", "created_at": "2025-04-03T23:20:23Z"}}, {"model": "samorzad.vote", "pk": 1752, "fields": {"candidate_registration": 2, "azure_user_id": "azure_user_51", "created_at": "2025-04-04T02:52:41Z"}}, {"model": "samorzad.vote", "pk": 1753, "fields": {"candidate_registration": 3, "azure_user_id": "azure_user_52", "created_at": "2025-04-09T09:04:56Z"}}, {"model": "samorzad.vote", "pk": 1754, "fields": {"candidate_registration": 4, "azure_user_id": "azure_user_53", "created_at": "2025-04-02T14:18:15Z"}}, {"model": "samorzad.vote", "pk": 1755, "fields": {"candidate_registration": 4, "azure_user_id": "azure_user_54", "created_at": "2025-04-07T07:06:07Z"}}, {"model": "samorzad.vote", "pk": 1756, "fields": {"candidate_registration": 4, "azure_user_id": "azure_user_55", "created_at": "2025-04-04T22:05:43Z"}}, {"model": "samorzad.vote", "pk": 1757, "fields": {"candidate_registration": 4, "azure_user_id": "azure_user_56", "created_at": "2025-04-07T09:22:01Z"}}, {"model": "samorzad.vote", "pk": 1758, "fields": {"candidate_registration": 1, "azure_user_id": "azure_user_57", "created_at": "2025-04-10T10:50:15Z"}}, {"model": "samorzad.vote", "pk": 1759, "fields": {"candidate_registration": 3, "azure_user_id": "azure_user_58", "created_at": "2025-04-13T19:47:22Z"}}, {"model": "samorzad.vote", "pk": 1760, "fields": {"candidate_registration": 4, "azure_user_id": "azure_user_59", "created_at": "2025-04-08T08:42:59Z"}}, {"model": "samorzad.vote", "pk": 1761, "fields": {"candidate_registration": 3, "azure_user_id": "azure_user_60", "created_at": "2025-04-04T17:42:29Z"}}, {"model": "samorzad.vote", "pk": 1762, "fields": {"candidate_registration": 2, "azure_user_id": "azure_user_61", "created_at": "2025-04-04T00:10:31Z"}}, {"model": "samorzad.vote", "pk": 1763, "fields": {"candidate_registration": 2, "azure_user_id": "azure_user_62", "created_at": "2025-04-06T17:31:38Z"}}, {"model": "samorzad.vote", "pk": 1764, "fields": {"candidate_registration": 4, "azure_user_id": "azure_user_63", "created_at": "2025-04-12T09:28:40Z"}}, {"model": "samorzad.vote", "pk": 1765, "fields": {"candidate_registration": 3, "azure_user_id": "azure_user_64", "created_at": "2025-04-02T06:28:06Z"}}, {"model": "samorzad.vote", "pk": 1766, "fields": {"candidate_registration": 2, "azure_user_id": "azure_user_65", "created_at": "2025-04-14T23:59:09Z"}}, {"model": "samorzad.vote", "pk": 1767, "fields": {"candidate_registration": 2, "azure_user_id": "azure_user_66", "created_at": "2025-04-08T06:19:09Z"}}, {"model": "samorzad.vote", "pk": 1768, "fields": {"candidate_registration": 1, "azure_user_id": "azure_user_67", "created_at": "2025-04-11T08:44:28Z"}}, {"model": "samorzad.vote", "pk": 1769, "fields": {"candidate_registration": 1, "azure_user_id": "azure_user_68", "created_at": "2025-04-14T00:56:18Z"}}, {"model": "samorzad.vote", "pk": 1770, "fields": {"candidate_registration": 2, "azure_user_id": "azure_user_69", "created_at": "2025-04-09T20:16:37Z"}}, {"model": "samorzad.vote", "pk": 1771, "fields": {"candidate_registration": 2, "azure_user_id": "azure_user_70", "created_at": "2025-04-01T18:52:22Z"}}, {"model": "samorzad.vote", "pk": 1772, "fields": {"candidate_registration": 2, "azure_user_id": "azure_user_71", "created_at": "2025-04-06T05:16:45Z"}}, {"model": "samorzad.vote", "pk": 1773, "fields": {"candidate_registration": 4, "azure_user_id": "azure_user_72", "created_at": "2025-04-07T12:27:05Z"}}, {"model": "samorzad.vote", "pk": 1774, "fields": {"candidate_registration": 2, "azure_user_id": "azure_user_73", "created_at": "2025-04-08T20:49:09Z"}}, {"model": "samorzad.vote", "pk": 1775, "fields": {"candidate_registration": 1, "azure_user_id": "azure_user_74", "created_at": "2025-04-04T23:45:01Z"}}, {"model": "samorzad.vote", "pk": 1776, "fields": {"candidate_registration": 1, "azure_user_id": "azure_user_75", "created_at": "2025-04-03T13:16:01Z"}}, {"model": "samorzad.vote", "pk": 1777, "fields": {"candidate_registration": 2, "azure_user_id": "azure_user_76", "created_at": "2025-04-01T23:01:18Z"}}, {"model": "samorzad.vote", "pk": 1778, "fields": {"candidate_registration": 3, "azure_user_id": "azure_user_77", "created_at": "2025-04-10T21:19:47Z"}}, {"model": "samorzad.vote", "pk": 1779, "fields": {"candidate_registration": 4, "azure_user_id": "azure_user_78", "created_at": "2025-04-06T06:46:37Z"}}, {"model": "samorzad.vote", "pk": 1780, "fields": {"candidate_registration": 2, "azure_user_id": "azure_user_79", "created_at": "2025-04-04T09:53:16Z"}}, {"model": "samorzad.vote", "pk": 1781, "fields": {"candidate_registration": 3, "azure_user_id": "azure_user_80", "created_at": "2025-04-13T19:48:53Z"}}, {"model": "samorzad.vote", "pk": 1782, "fields": {"candidate_registration": 4, "azure_user_id": "azure_user_81", "created_at": "2025-04-04T11:28:06Z"}}, {"model": "samorzad.vote", "pk": 1783, "fields": {"candidate_registration": 1, "azure_user_id": "azure_user_82", "created_at": "2025-04-09T16:20:51Z"}}, {"model": "samorzad.vote", "pk": 1784, "fields": {"candidate_registration": 2, "azure_user_id": "azure_user_83", "created_at": "2025-04-01T13:27:21Z"}}, {"model": "samorzad.vote", "pk": 1785, "fields": {"candidate_registration": 4, "azure_user_id": "azure_user_84", "created_at": "2025-04-10T08:59:47Z"}}, {"model": "samorzad.vote", "pk": 1786, "fields": {"candidate_registration": 3, "azure_user_id": "azure_user_85", "created_at": "2025-04-07T00:26:38Z"}}, {"model": "samorzad.vote", "pk": 1787, "fields": {"candidate_registration": 1, "azure_user_id": "azure_user_86", "created_at": "2025-04-02T06:51:32Z"}}, {"model": "samorzad.vote", "pk": 1788, "fields": {"candidate_registration": 4, "azure_user_id": "azure_user_87", "created_at": "2025-04-01T12:45:30Z"}}, {"model": "samorzad.vote", "pk": 1789, "fields": {"candidate_registration": 4, "azure_user_id": "azure_user_88", "created_at": "2025-04-07T18:07:19Z"}}, {"model": "samorzad.vote", "pk": 1790, "fields": {"candidate_registration": 2, "azure_user_id": "azure_user_89", "created_at": "2025-04-12T19:34:58Z"}}, {"model": "samorzad.vote", "pk": 1791, "fields": {"candidate_registration": 4, "azure_user_id": "azure_user_90", "created_at": "2025-04-02T10:01:34Z"}}, {"model": "samorzad.vote", "pk": 1792, "fields": {"candidate_registration": 3, "azure_user_id": "azure_user_91", "created_at": "2025-04-03T23:14:24Z"}}, {"model": "samorzad.vote", "pk": 1793, "fields": {"candidate_registration": 2, "azure_user_id": "azure_user_92", "created_at": "2025-04-10T15:42:40Z"}}, {"model": "samorzad.vote", "pk": 1794, "fields": {"candidate_registration": 4, "azure_user_id": "azure_user_93", "created_at": "2025-04-08T09:14:16Z"}}, {"model": "samorzad.vote", "pk": 1795, "fields": {"candidate_registration": 2, "azure_user_id": "azure_user_94", "created_at": "2025-04-12T05:30:57Z"}}, {"model": "samorzad.vote", "pk": 1796, "fields": {"candidate_registration": 2, "azure_user_id": "azure_user_95", "created_at": "2025-04-06T20:32:09Z"}}, {"model": "samorzad.vote", "pk": 1797, "fields": {"candidate_registration": 2, "azure_user_id": "azure_user_96", "created_at": "2025-04-01T15:34:38Z"}}, {"model": "samorzad.vote", "pk": 1798, "fields": {"candidate_registration": 2, "azure_user_id": "azure_user_97", "created_at": "2025-04-14T23:25:44Z"}}, {"model": "samorzad.vote", "pk": 1799, "fields": {"candidate_registration": 1, "azure_user_id": "azure_user_98", "created_at": "2025-04-04T01:18:55Z"}}, {"model": "samorzad.vote", "pk": 1800, "fields": {"candidate_registration": 3, "azure_user_id": "azure_user_99", "created_at": "2025-04-05T13:11:44Z"}}, {"model": "samorzad.vote", "pk": 1801, "fields": {"candidate_registration": 2, "azure_user_id": "azure_user_100", "created_at": "2025-04-05T08:11:38Z"}}, {"model": "samorzad.vote", "pk": 1802, "fields": {"candidate_registration": 3, "azure_user_id": "azure_user_101", "created_at": "2025-04-08T00:38:29Z"}}, {"model": "samorzad.vote", "pk": 1803, "fields": {"candidate_registration": 2, "azure_user_id": "azure_user_102", "created_at": "2025-04-03T12:53:47Z"}}, {"model": "samorzad.vote", "pk": 1804, "fields": {"candidate_registration": 2, "azure_user_id": "azure_user_103", "created_at": "2025-04-05T08:48:12Z"}}, {"model": "samorzad.vote", "pk": 1805, "fields": {"candidate_registration": 1, "azure_user_id": "azure_user_104", "created_at": "2025-04-08T10:03:28Z"}}, {"model": "samorzad.vote", "pk": 1806, "fields": {"candidate_registration": 3, "azure_user_id": "azure_user_105", "created_at": "2025-04-03T19:47:26Z"}}, {"model": "samorzad.vote", "pk": 1807, "fields": {"candidate_registration": 3, "azure_user_id": "azure_user_106", "created_at": "2025-04-06T03:29:34Z"}}, {"model": "samorzad.vote", "pk": 1808, "fields": {"candidate_registration": 4, "azure_user_id": "azure_user_107", "created_at": "2025-04-12T07:05:50Z"}}, {"model": "samorzad.vote", "pk": 1809, "fields": {"candidate_registration": 4, "azure_user_id": "azure_user_108", "created_at": "2025-04-02T12:09:44Z"}}, {"model": "samorzad.vote", "pk": 1810, "fields": {"candidate_registration": 2, "azure_user_id": "azure_user_109", "created_at": "2025-04-09T02:57:21Z"}}, {"model": "samorzad.vote", "pk": 1811, "fields": {"candidate_registration": 3, "azure_user_id": "azure_user_110", "created_at": "2025-04-12T06:50:55Z"}}, {"model": "samorzad.vote", "pk": 1812, "fields": {"candidate_registration": 2, "azure_user_id": "azure_user_111", "created_at": "2025-04-02T00:49:23Z"}}, {"model": "samorzad.vote", "pk": 1813, "fields": {"candidate_registration": 1, "azure_user_id": "azure_user_112", "created_at": "2025-04-05T06:49:10Z"}}, {"model": "samorzad.vote", "pk": 1814, "fields": {"candidate_registration": 4, "azure_user_id": "azure_user_113", "created_at": "2025-04-14T06:37:32Z"}}, {"model": "samorzad.vote", "pk": 1815, "fields": {"candidate_registration": 1, "azure_user_id": "azure_user_114", "created_at": "2025-04-08T00:45:04Z"}}, {"model": "samorzad.vote", "pk": 1816, "fields": {"candidate_registration": 3, "azure_user_id": "azure_user_115", "created_at": "2025-04-08T17:04:53Z"}}, {"model": "samorzad.vote", "pk": 1817, "fields": {"candidate_registration": 1, "azure_user_id": "azure_user_116", "created_at": "2025-04-08T12:34:58Z"}}, {"model": "samorzad.vote", "pk": 1818, "fields": {"candidate_registration": 2, "azure_user_id": "azure_user_117", "created_at": "2025-04-07T17:42:27Z"}}, {"model": "samorzad.vote", "pk": 1819, "fields": {"candidate_registration": 2, "azure_user_id": "azure_user_118", "created_at": "2025-04-08T12:47:21Z"}}, {"model": "samorzad.vote", "pk": 1820, "fields": {"candidate_registration": 3, "azure_user_id": "azure_user_119", "created_at": "2025-04-06T15:06:49Z"}}, {"model": "samorzad.vote", "pk": 1821, "fields": {"candidate_registration": 3, "azure_user_id": "azure_user_120", "created_at": "2025-04-14T01:55:29Z"}}, {"model": "samorzad.vote", "pk": 1822, "fields": {"candidate_registration": 1, "azure_user_id": "azure_user_121", "created_at": "2025-04-03T13:44:22Z"}}, {"model": "samorzad.vote", "pk": 1823, "fields": {"candidate_registration": 3, "azure_user_id": "azure_user_122", "created_at": "2025-04-13T08:02:56Z"}}, {"model": "samorzad.vote", "pk": 1824, "fields": {"candidate_registration": 3, "azure_user_id": "azure_user_123", "created_at": "2025-04-11T04:03:12Z"}}, {"model": "samorzad.vote", "pk": 1825, "fields": {"candidate_registration": 1, "azure_user_id": "azure_user_124", "created_at": "2025-04-01T14:25:23Z"}}, {"model": "samorzad.vote", "pk": 1826, "fields": {"candidate_registration": 1, "azure_user_id": "azure_user_125", "created_at": "2025-04-14T09:02:20Z"}}, {"model": "samorzad.vote", "pk": 1827, "fields": {"candidate_registration": 4, "azure_user_id": "azure_user_126", "created_at": "2025-04-09T03:45:35Z"}}, {"model": "samorzad.vote", "pk": 1828, "fields": {"candidate_registration": 4, "azure_user_id": "azure_user_127", "created_at": "2025-04-05T18:31:03Z"}}, {"model": "samorzad.vote", "pk": 1829, "fields": {"candidate_registration": 1, "azure_user_id": "azure_user_128", "created_at": "2025-04-03T14:44:53Z"}}, {"model": "samorzad.vote", "pk": 1830, "fields": {"candidate_registration": 2, "azure_user_id": "azure_user_129", "created_at": "2025-04-11T23:50:50Z"}}, {"model": "samorzad.vote", "pk": 1831, "fields": {"candidate_registration": 4, "azure_user_id": "azure_user_130", "created_at": "2025-04-07T10:43:02Z"}}, {"model": "samorzad.vote", "pk": 1832, "fields": {"candidate_registration": 1, "azure_user_id": "azure_user_131", "created_at": "2025-04-10T08:53:07Z"}}, {"model": "samorzad.vote", "pk": 1833, "fields": {"candidate_registration": 4, "azure_user_id": "azure_user_132", "created_at": "2025-04-11T18:14:28Z"}}, {"model": "samorzad.vote", "pk": 1834, "fields": {"candidate_registration": 2, "azure_user_id": "azure_user_133", "created_at": "2025-04-09T21:24:05Z"}}, {"model": "samorzad.vote", "pk": 1835, "fields": {"candidate_registration": 3, "azure_user_id": "azure_user_134", "created_at": "2025-04-14T04:39:58Z"}}, {"model": "samorzad.vote", "pk": 1836, "fields": {"candidate_registration": 4, "azure_user_id": "azure_user_135", "created_at": "2025-04-13T17:54:27Z"}}, {"model": "samorzad.vote", "pk": 1837, "fields": {"candidate_registration": 3, "azure_user_id": "azure_user_136", "created_at": "2025-04-04T08:22:12Z"}}, {"model": "samorzad.vote", "pk": 1838, "fields": {"candidate_registration": 1, "azure_user_id": "azure_user_137", "created_at": "2025-04-06T11:42:26Z"}}, {"model": "samorzad.vote", "pk": 1839, "fields": {"candidate_registration": 3, "azure_user_id": "azure_user_138", "created_at": "2025-04-08T03:39:12Z"}}, {"model": "samorzad.vote", "pk": 1840, "fields": {"candidate_registration": 2, "azure_user_id": "azure_user_139", "created_at": "2025-04-02T04:05:42Z"}}, {"model": "samorzad.vote", "pk": 1841, "fields": {"candidate_registration": 2, "azure_user_id": "azure_user_140", "created_at": "2025-04-14T05:33:37Z"}}, {"model": "samorzad.vote", "pk": 1842, "fields": {"candidate_registration": 2, "azure_user_id": "azure_user_141", "created_at": "2025-04-11T20:03:21Z"}}, {"model": "samorzad.vote", "pk": 1843, "fields": {"candidate_registration": 3, "azure_user_id": "azure_user_142", "created_at": "2025-04-05T17:28:37Z"}}, {"model": "samorzad.vote", "pk": 1844, "fields": {"candidate_registration": 3, "azure_user_id": "azure_user_143", "created_at": "2025-04-02T10:00:15Z"}}, {"model": "samorzad.vote", "pk": 1845, "fields": {"candidate_registration": 2, "azure_user_id": "azure_user_144", "created_at": "2025-04-10T16:21:37Z"}}, {"model": "samorzad.vote", "pk": 1846, "fields": {"candidate_registration": 2, "azure_user_id": "azure_user_145", "created_at": "2025-04-03T07:38:41Z"}}, {"model": "samorzad.vote", "pk": 1847, "fields": {"candidate_registration": 4, "azure_user_id": "azure_user_146", "created_at": "2025-04-01T17:34:35Z"}}, {"model": "samorzad.vote", "pk": 1848, "fields": {"candidate_registration": 2, "azure_user_id": "azure_user_147", "created_at": "2025-04-07T07:20:47Z"}}, {"model": "samorzad.vote", "pk": 1849, "fields": {"candidate_registration": 1, "azure_user_id": "azure_user_148", "created_at": "2025-04-13T04:33:28Z"}}, {"model": "samorzad.vote", "pk": 1850, "fields": {"candidate_registration": 2, "azure_user_id": "azure_user_149", "created_at": "2025-04-14T02:09:49Z"}}, {"model": "samorzad.vote", "pk": 1851, "fields": {"candidate_registration": 3, "azure_user_id": "azure_user_150", "created_at": "2025-04-05T18:40:27Z"}}, {"model": "samorzad.vote", "pk": 1852, "fields": {"candidate_registration": 2, "azure_user_id": "azure_user_151", "created_at": "2025-04-05T14:27:11Z"}}, {"model": "samorzad.vote", "pk": 1853, "fields": {"candidate_registration": 2, "azure_user_id": "azure_user_152", "created_at": "2025-04-09T01:59:45Z"}}, {"model": "samorzad.vote", "pk": 1854, "fields": {"candidate_registration": 4, "azure_user_id": "azure_user_153", "created_at": "2025-04-13T05:29:09Z"}}, {"model": "samorzad.vote", "pk": 1855, "fields": {"candidate_registration": 3, "azure_user_id": "azure_user_154", "created_at": "2025-04-13T05:04:53Z"}}, {"model": "samorzad.vote", "pk": 1856, "fields": {"candidate_registration": 3, "azure_user_id": "azure_user_155", "created_at": "2025-04-14T17:11:10Z"}}, {"model": "samorzad.vote", "pk": 1857, "fields": {"candidate_registration": 4, "azure_user_id": "azure_user_156", "created_at": "2025-04-10T04:57:30Z"}}, {"model": "samorzad.vote", "pk": 1858, "fields": {"candidate_registration": 1, "azure_user_id": "azure_user_157", "created_at": "2025-04-07T19:59:54Z"}}, {"model": "samorzad.vote", "pk": 1859, "fields": {"candidate_registration": 1, "azure_user_id": "azure_user_158", "created_at": "2025-04-04T20:52:41Z"}}, {"model": "samorzad.vote", "pk": 1860, "fields": {"candidate_registration": 3, "azure_user_id": "azure_user_159", "created_at": "2025-04-02T13:17:44Z"}}, {"model": "samorzad.vote", "pk": 1861, "fields": {"candidate_registration": 1, "azure_user_id": "azure_user_160", "created_at": "2025-04-11T20:59:49Z"}}, {"model": "samorzad.vote", "pk": 1862, "fields": {"candidate_registration": 3, "azure_user_id": "azure_user_161", "created_at": "2025-04-08T10:49:29Z"}}, {"model": "samorzad.vote", "pk": 1863, "fields": {"candidate_registration": 1, "azure_user_id": "azure_user_162", "created_at": "2025-04-15T01:21:53Z"}}, {"model": "samorzad.vote", "pk": 1864, "fields": {"candidate_registration": 3, "azure_user_id": "azure_user_163", "created_at": "2025-04-13T09:13:00Z"}}, {"model": "samorzad.vote", "pk": 1865, "fields": {"candidate_registration": 3, "azure_user_id": "azure_user_164", "created_at": "2025-04-15T00:38:35Z"}}, {"model": "samorzad.vote", "pk": 1866, "fields": {"candidate_registration": 2, "azure_user_id": "azure_user_165", "created_at": "2025-04-14T06:58:12Z"}}, {"model": "samorzad.vote", "pk": 1867, "fields": {"candidate_registration": 2, "azure_user_id": "azure_user_166", "created_at": "2025-04-14T01:26:51Z"}}, {"model": "samorzad.vote", "pk": 1868, "fields": {"candidate_registration": 4, "azure_user_id": "azure_user_167", "created_at": "2025-04-08T17:14:43Z"}}, {"model": "samorzad.vote", "pk": 1869, "fields": {"candidate_registration": 3, "azure_user_id": "azure_user_168", "created_at": "2025-04-05T00:38:04Z"}}, {"model": "samorzad.vote", "pk": 1870, "fields": {"candidate_registration": 3, "azure_user_id": "azure_user_169", "created_at": "2025-04-10T14:14:40Z"}}, {"model": "samorzad.vote", "pk": 1871, "fields": {"candidate_registration": 2, "azure_user_id": "azure_user_170", "created_at": "2025-04-10T23:01:22Z"}}, {"model": "samorzad.vote", "pk": 1872, "fields": {"candidate_registration": 3, "azure_user_id": "azure_user_171", "created_at": "2025-04-15T09:01:45Z"}}, {"model": "samorzad.vote", "pk": 1873, "fields": {"candidate_registration": 3, "azure_user_id": "azure_user_172", "created_at": "2025-04-07T13:09:36Z"}}, {"model": "samorzad.vote", "pk": 1874, "fields": {"candidate_registration": 2, "azure_user_id": "azure_user_173", "created_at": "2025-04-02T03:18:36Z"}}, {"model": "samorzad.vote", "pk": 1875, "fields": {"candidate_registration": 1, "azure_user_id": "azure_user_174", "created_at": "2025-04-11T08:17:54Z"}}, {"model": "samorzad.vote", "pk": 1876, "fields": {"candidate_registration": 3, "azure_user_id": "azure_user_175", "created_at": "2025-04-03T21:17:11Z"}}, {"model": "samorzad.vote", "pk": 1877, "fields": {"candidate_registration": 4, "azure_user_id": "azure_user_176", "created_at": "2025-04-13T05:40:19Z"}}, {"model": "samorzad.vote", "pk": 1878, "fields": {"candidate_registration": 3, "azure_user_id": "azure_user_177", "created_at": "2025-04-08T08:23:19Z"}}, {"model": "samorzad.vote", "pk": 1879, "fields": {"candidate_registration": 2, "azure_user_id": "azure_user_178", "created_at": "2025-04-02T05:22:36Z"}}, {"model": "samorzad.vote", "pk": 1880, "fields": {"candidate_registration": 3, "azure_user_id": "azure_user_179", "created_at": "2025-04-12T23:07:31Z"}}, {"model": "samorzad.vote", "pk": 1881, "fields": {"candidate_registration": 2, "azure_user_id": "azure_user_180", "created_at": "2025-04-03T15:25:38Z"}}, {"model": "samorzad.vote", "pk": 1882, "fields": {"candidate_registration": 2, "azure_user_id": "azure_user_181", "created_at": "2025-04-09T00:02:53Z"}}, {"model": "samorzad.vote", "pk": 1883, "fields": {"candidate_registration": 3, "azure_user_id": "azure_user_182", "created_at": "2025-04-14T15:27:02Z"}}, {"model": "samorzad.vote", "pk": 1884, "fields": {"candidate_registration": 2, "azure_user_id": "azure_user_183", "created_at": "2025-04-10T07:35:38Z"}}, {"model": "samorzad.vote", "pk": 1885, "fields": {"candidate_registration": 3, "azure_user_id": "azure_user_184", "created_at": "2025-04-05T09:21:59Z"}}, {"model": "samorzad.vote", "pk": 1886, "fields": {"candidate_registration": 4, "azure_user_id": "azure_user_185", "created_at": "2025-04-12T03:54:55Z"}}, {"model": "samorzad.vote", "pk": 1887, "fields": {"candidate_registration": 2, "azure_user_id": "azure_user_186", "created_at": "2025-04-14T10:15:37Z"}}, {"model": "samorzad.vote", "pk": 1888, "fields": {"candidate_registration": 2, "azure_user_id": "azure_user_187", "created_at": "2025-04-10T07:05:15Z"}}, {"model": "samorzad.vote", "pk": 1889, "fields": {"candidate_registration": 4, "azure_user_id": "azure_user_188", "created_at": "2025-04-07T01:18:11Z"}}, {"model": "samorzad.vote", "pk": 1890, "fields": {"candidate_registration": 4, "azure_user_id": "azure_user_189", "created_at": "2025-04-03T06:57:59Z"}}, {"model": "samorzad.vote", "pk": 1891, "fields": {"candidate_registration": 2, "azure_user_id": "azure_user_190", "created_at": "2025-04-12T02:20:54Z"}}, {"model": "samorzad.vote", "pk": 1892, "fields": {"candidate_registration": 3, "azure_user_id": "azure_user_191", "created_at": "2025-04-06T00:25:56Z"}}, {"model": "samorzad.vote", "pk": 1893, "fields": {"candidate_registration": 2, "azure_user_id": "azure_user_192", "created_at": "2025-04-08T14:02:39Z"}}, {"model": "samorzad.vote", "pk": 1894, "fields": {"candidate_registration": 4, "azure_user_id": "azure_user_193", "created_at": "2025-04-02T23:30:55Z"}}, {"model": "samorzad.vote", "pk": 1895, "fields": {"candidate_registration": 2, "azure_user_id": "azure_user_194", "created_at": "2025-04-03T18:14:33Z"}}, {"model": "samorzad.vote", "pk": 1896, "fields": {"candidate_registration": 4, "azure_user_id": "azure_user_195", "created_at": "2025-04-15T10:09:58Z"}}, {"model": "samorzad.vote", "pk": 1897, "fields": {"candidate_registration": 3, "azure_user_id": "azure_user_196", "created_at": "2025-04-09T20:04:31Z"}}, {"model": "samorzad.vote", "pk": 1898, "fields": {"candidate_registration": 3, "azure_user_id": "azure_user_197", "created_at": "2025-04-12T17:20:58Z"}}, {"model": "samorzad.vote", "pk": 1899, "fields": {"candidate_registration": 2, "azure_user_id": "azure_user_198", "created_at": "2025-04-02T12:57:24Z"}}, {"model": "samorzad.vote", "pk": 1900, "fields": {"candidate_registration": 3, "azure_user_id": "azure_user_199", "created_at": "2025-04-08T10:12:13Z"}}, {"model": "samorzad.vote", "pk": 1901, "fields": {"candidate_registration": 2, "azure_user_id": "azure_user_200", "created_at": "2025-04-09T12:40:27Z"}}, {"model": "samorzad.vote", "pk": 1902, "fields": {"candidate_registration": 2, "azure_user_id": "azure_user_201", "created_at": "2025-04-11T14:15:43Z"}}, {"model": "samorzad.vote", "pk": 1903, "fields": {"candidate_registration": 4, "azure_user_id": "azure_user_202", "created_at": "2025-04-12T16:16:22Z"}}, {"model": "samorzad.vote", "pk": 1904, "fields": {"candidate_registration": 2, "azure_user_id": "azure_user_203", "created_at": "2025-04-05T18:39:41Z"}}, {"model": "samorzad.vote", "pk": 1905, "fields": {"candidate_registration": 2, "azure_user_id": "azure_user_204", "created_at": "2025-04-03T00:11:20Z"}}, {"model": "samorzad.vote", "pk": 1906, "fields": {"candidate_registration": 1, "azure_user_id": "azure_user_205", "created_at": "2025-04-08T08:52:24Z"}}, {"model": "samorzad.vote", "pk": 1907, "fields": {"candidate_registration": 1, "azure_user_id": "azure_user_206", "created_at": "2025-04-07T17:30:07Z"}}, {"model": "samorzad.vote", "pk": 1908, "fields": {"candidate_registration": 4, "azure_user_id": "azure_user_207", "created_at": "2025-04-13T05:12:34Z"}}, {"model": "samorzad.vote", "pk": 1909, "fields": {"candidate_registration": 2, "azure_user_id": "azure_user_208", "created_at": "2025-04-03T02:49:47Z"}}, {"model": "samorzad.vote", "pk": 1910, "fields": {"candidate_registration": 2, "azure_user_id": "azure_user_209", "created_at": "2025-04-05T05:41:44Z"}}, {"model": "samorzad.vote", "pk": 1911, "fields": {"candidate_registration": 4, "azure_user_id": "azure_user_210", "created_at": "2025-04-10T12:15:00Z"}}, {"model": "samorzad.vote", "pk": 1912, "fields": {"candidate_registration": 2, "azure_user_id": "azure_user_211", "created_at": "2025-04-09T08:19:59Z"}}, {"model": "samorzad.vote", "pk": 1913, "fields": {"candidate_registration": 3, "azure_user_id": "azure_user_212", "created_at": "2025-04-08T05:20:01Z"}}, {"model": "samorzad.vote", "pk": 1914, "fields": {"candidate_registration": 1, "azure_user_id": "azure_user_213", "created_at": "2025-04-14T08:41:29Z"}}, {"model": "samorzad.vote", "pk": 1915, "fields": {"candidate_registration": 2, "azure_user_id": "azure_user_214", "created_at": "2025-04-04T10:28:26Z"}}, {"model": "samorzad.vote", "pk": 1916, "fields": {"candidate_registration": 2, "azure_user_id": "azure_user_215", "created_at": "2025-04-11T05:35:38Z"}}, {"model": "samorzad.vote", "pk": 1917, "fields": {"candidate_registration": 4, "azure_user_id": "azure_user_216", "created_at": "2025-04-09T00:31:57Z"}}, {"model": "samorzad.vote", "pk": 1918, "fields": {"candidate_registration": 3, "azure_user_id": "azure_user_217", "created_at": "2025-04-11T18:47:22Z"}}, {"model": "samorzad.vote", "pk": 1919, "fields": {"candidate_registration": 2, "azure_user_id": "azure_user_218", "created_at": "2025-04-03T17:18:29Z"}}, {"model": "samorzad.vote", "pk": 1920, "fields": {"candidate_registration": 1, "azure_user_id": "azure_user_219", "created_at": "2025-04-05T08:01:43Z"}}, {"model": "samorzad.vote", "pk": 1921, "fields": {"candidate_registration": 4, "azure_user_id": "azure_user_220", "created_at": "2025-04-03T07:17:14Z"}}, {"model": "samorzad.vote", "pk": 1922, "fields": {"candidate_registration": 3, "azure_user_id": "azure_user_221", "created_at": "2025-04-09T15:14:15Z"}}, {"model": "samorzad.vote", "pk": 1923, "fields": {"candidate_registration": 4, "azure_user_id": "azure_user_222", "created_at": "2025-04-07T21:25:24Z"}}, {"model": "samorzad.vote", "pk": 1924, "fields": {"candidate_registration": 3, "azure_user_id": "azure_user_223", "created_at": "2025-04-03T06:21:19Z"}}, {"model": "samorzad.vote", "pk": 1925, "fields": {"candidate_registration": 3, "azure_user_id": "azure_user_224", "created_at": "2025-04-14T11:24:42Z"}}, {"model": "samorzad.vote", "pk": 1926, "fields": {"candidate_registration": 1, "azure_user_id": "azure_user_225", "created_at": "2025-04-09T10:58:20Z"}}, {"model": "samorzad.vote", "pk": 1927, "fields": {"candidate_registration": 3, "azure_user_id": "azure_user_226", "created_at": "2025-04-14T16:45:51Z"}}, {"model": "samorzad.vote", "pk": 1928, "fields": {"candidate_registration": 3, "azure_user_id": "azure_user_227", "created_at": "2025-04-12T21:19:38Z"}}, {"model": "samorzad.vote", "pk": 1929, "fields": {"candidate_registration": 2, "azure_user_id": "azure_user_228", "created_at": "2025-04-02T13:34:21Z"}}, {"model": "samorzad.vote", "pk": 1930, "fields": {"candidate_registration": 2, "azure_user_id": "azure_user_229", "created_at": "2025-04-06T04:55:10Z"}}, {"model": "samorzad.vote", "pk": 1931, "fields": {"candidate_registration": 4, "azure_user_id": "azure_user_230", "created_at": "2025-04-11T15:07:28Z"}}, {"model": "samorzad.vote", "pk": 1932, "fields": {"candidate_registration": 3, "azure_user_id": "azure_user_231", "created_at": "2025-04-04T10:51:29Z"}}, {"model": "samorzad.vote", "pk": 1933, "fields": {"candidate_registration": 4, "azure_user_id": "azure_user_232", "created_at": "2025-04-02T14:58:36Z"}}, {"model": "samorzad.vote", "pk": 1934, "fields": {"candidate_registration": 4, "azure_user_id": "azure_user_233", "created_at": "2025-04-10T16:40:56Z"}}, {"model": "samorzad.vote", "pk": 1935, "fields": {"candidate_registration": 1, "azure_user_id": "azure_user_234", "created_at": "2025-04-03T15:15:59Z"}}, {"model": "samorzad.vote", "pk": 1936, "fields": {"candidate_registration": 4, "azure_user_id": "azure_user_235", "created_at": "2025-04-03T13:06:22Z"}}, {"model": "samorzad.vote", "pk": 1937, "fields": {"candidate_registration": 2, "azure_user_id": "azure_user_236", "created_at": "2025-04-08T23:49:31Z"}}, {"model": "samorzad.vote", "pk": 1938, "fields": {"candidate_registration": 2, "azure_user_id": "azure_user_237", "created_at": "2025-04-05T11:49:53Z"}}, {"model": "samorzad.vote", "pk": 1939, "fields": {"candidate_registration": 2, "azure_user_id": "azure_user_238", "created_at": "2025-04-04T00:58:10Z"}}, {"model": "samorzad.vote", "pk": 1940, "fields": {"candidate_registration": 4, "azure_user_id": "azure_user_239", "created_at": "2025-04-15T04:25:28Z"}}, {"model": "samorzad.vote", "pk": 1941, "fields": {"candidate_registration": 3, "azure_user_id": "azure_user_240", "created_at": "2025-04-04T11:45:36Z"}}, {"model": "samorzad.vote", "pk": 1942, "fields": {"candidate_registration": 4, "azure_user_id": "azure_user_241", "created_at": "2025-04-08T01:34:57Z"}}, {"model": "samorzad.vote", "pk": 1943, "fields": {"candidate_registration": 4, "azure_user_id": "azure_user_242", "created_at": "2025-04-06T16:25:01Z"}}, {"model": "samorzad.vote", "pk": 1944, "fields": {"candidate_registration": 4, "azure_user_id": "azure_user_243", "created_at": "2025-04-05T18:45:21Z"}}, {"model": "samorzad.vote", "pk": 1945, "fields": {"candidate_registration": 3, "azure_user_id": "azure_user_244", "created_at": "2025-04-14T07:21:29Z"}}, {"model": "samorzad.vote", "pk": 1946, "fields": {"candidate_registration": 2, "azure_user_id": "azure_user_245", "created_at": "2025-04-14T00:03:45Z"}}, {"model": "samorzad.vote", "pk": 1947, "fields": {"candidate_registration": 4, "azure_user_id": "azure_user_246", "created_at": "2025-04-11T00:55:51Z"}}, {"model": "samorzad.vote", "pk": 1948, "fields": {"candidate_registration": 3, "azure_user_id": "azure_user_247", "created_at": "2025-04-01T13:15:03Z"}}, {"model": "samorzad.vote", "pk": 1949, "fields": {"candidate_registration": 4, "azure_user_id": "azure_user_248", "created_at": "2025-04-05T04:50:29Z"}}, {"model": "samorzad.vote", "pk": 1950, "fields": {"candidate_registration": 4, "azure_user_id": "azure_user_249", "created_at": "2025-04-13T01:24:03Z"}}, {"model": "samorzad.vote", "pk": 1951, "fields": {"candidate_registration": 3, "azure_user_id": "azure_user_250", "created_at": "2025-04-12T01:18:56Z"}}, {"model": "samorzad.vote", "pk": 1952, "fields": {"candidate_registration": 1, "azure_user_id": "azure_user_251", "created_at": "2025-04-07T19:38:42Z"}}, {"model": "samorzad.vote", "pk": 1953, "fields": {"candidate_registration": 3, "azure_user_id": "azure_user_252", "created_at": "2025-04-10T05:26:58Z"}}, {"model": "samorzad.vote", "pk": 1954, "fields": {"candidate_registration": 2, "azure_user_id": "azure_user_253", "created_at": "2025-04-03T18:11:34Z"}}, {"model": "samorzad.vote", "pk": 1955, "fields": {"candidate_registration": 1, "azure_user_id": "azure_user_254", "created_at": "2025-04-03T07:41:52Z"}}, {"model": "samorzad.vote", "pk": 1956, "fields": {"candidate_registration": 2, "azure_user_id": "azure_user_255", "created_at": "2025-04-08T03:19:35Z"}}, {"model": "samorzad.vote", "pk": 1957, "fields": {"candidate_registration": 1, "azure_user_id": "azure_user_256", "created_at": "2025-04-11T05:45:01Z"}}, {"model": "samorzad.vote", "pk": 1958, "fields": {"candidate_registration": 2, "azure_user_id": "azure_user_257", "created_at": "2025-04-05T08:19:03Z"}}, {"model": "samorzad.vote", "pk": 1959, "fields": {"candidate_registration": 2, "azure_user_id": "azure_user_258", "created_at": "2025-04-01T18:05:24Z"}}, {"model": "samorzad.vote", "pk": 1960, "fields": {"candidate_registration": 1, "azure_user_id": "azure_user_259", "created_at": "2025-04-05T12:43:18Z"}}, {"model": "samorzad.vote", "pk": 1961, "fields": {"candidate_registration": 3, "azure_user_id": "azure_user_260", "created_at": "2025-04-07T14:33:20Z"}}, {"model": "samorzad.vote", "pk": 1962, "fields": {"candidate_registration": 4, "azure_user_id": "azure_user_261", "created_at": "2025-04-10T00:34:19Z"}}, {"model": "samorzad.vote", "pk": 1963, "fields": {"candidate_registration": 3, "azure_user_id": "azure_user_262", "created_at": "2025-04-01T15:05:20Z"}}, {"model": "samorzad.vote", "pk": 1964, "fields": {"candidate_registration": 4, "azure_user_id": "azure_user_263", "created_at": "2025-04-09T17:53:41Z"}}, {"model": "samorzad.vote", "pk": 1965, "fields": {"candidate_registration": 2, "azure_user_id": "azure_user_264", "created_at": "2025-04-09T09:38:48Z"}}, {"model": "samorzad.vote", "pk": 1966, "fields": {"candidate_registration": 4, "azure_user_id": "azure_user_265", "created_at": "2025-04-10T11:47:13Z"}}, {"model": "samorzad.vote", "pk": 1967, "fields": {"candidate_registration": 1, "azure_user_id": "azure_user_266", "created_at": "2025-04-12T01:30:17Z"}}, {"model": "samorzad.vote", "pk": 1968, "fields": {"candidate_registration": 2, "azure_user_id": "azure_user_267", "created_at": "2025-04-12T02:40:00Z"}}, {"model": "samorzad.vote", "pk": 1969, "fields": {"candidate_registration": 2, "azure_user_id": "azure_user_268", "created_at": "2025-04-01T14:42:14Z"}}, {"model": "samorzad.vote", "pk": 1970, "fields": {"candidate_registration": 3, "azure_user_id": "azure_user_269", "created_at": "2025-04-14T10:40:50Z"}}, {"model": "samorzad.vote", "pk": 1971, "fields": {"candidate_registration": 4, "azure_user_id": "azure_user_270", "created_at": "2025-04-10T05:14:14Z"}}, {"model": "samorzad.vote", "pk": 1972, "fields": {"candidate_registration": 4, "azure_user_id": "azure_user_271", "created_at": "2025-04-09T15:36:23Z"}}, {"model": "samorzad.vote", "pk": 1973, "fields": {"candidate_registration": 3, "azure_user_id": "azure_user_272", "created_at": "2025-04-13T06:22:07Z"}}, {"model": "samorzad.vote", "pk": 1974, "fields": {"candidate_registration": 2, "azure_user_id": "azure_user_273", "created_at": "2025-04-03T02:35:42Z"}}, {"model": "samorzad.vote", "pk": 1975, "fields": {"candidate_registration": 1, "azure_user_id": "azure_user_274", "created_at": "2025-04-08T20:57:44Z"}}, {"model": "samorzad.vote", "pk": 1976, "fields": {"candidate_registration": 3, "azure_user_id": "azure_user_275", "created_at": "2025-04-03T16:03:51Z"}}, {"model": "samorzad.vote", "pk": 1977, "fields": {"candidate_registration": 1, "azure_user_id": "azure_user_276", "created_at": "2025-04-12T14:02:44Z"}}, {"model": "samorzad.vote", "pk": 1978, "fields": {"candidate_registration": 2, "azure_user_id": "azure_user_277", "created_at": "2025-04-06T05:01:25Z"}}, {"model": "samorzad.vote", "pk": 1979, "fields": {"candidate_registration": 3, "azure_user_id": "azure_user_278", "created_at": "2025-04-12T14:07:47Z"}}, {"model": "samorzad.vote", "pk": 1980, "fields": {"candidate_registration": 3, "azure_user_id": "azure_user_279", "created_at": "2025-04-09T11:41:26Z"}}, {"model": "samorzad.vote", "pk": 1981, "fields": {"candidate_registration": 1, "azure_user_id": "azure_user_280", "created_at": "2025-04-03T13:54:15Z"}}, {"model": "samorzad.vote", "pk": 1982, "fields": {"candidate_registration": 3, "azure_user_id": "azure_user_281", "created_at": "2025-04-02T22:25:34Z"}}, {"model": "samorzad.vote", "pk": 1983, "fields": {"candidate_registration": 2, "azure_user_id": "azure_user_282", "created_at": "2025-04-13T04:15:23Z"}}, {"model": "samorzad.vote", "pk": 1984, "fields": {"candidate_registration": 3, "azure_user_id": "azure_user_283", "created_at": "2025-04-05T18:00:29Z"}}, {"model": "samorzad.vote", "pk": 1985, "fields": {"candidate_registration": 2, "azure_user_id": "azure_user_284", "created_at": "2025-04-05T05:49:20Z"}}, {"model": "samorzad.vote", "pk": 1986, "fields": {"candidate_registration": 2, "azure_user_id": "azure_user_285", "created_at": "2025-04-02T11:30:56Z"}}, {"model": "samorzad.vote", "pk": 1987, "fields": {"candidate_registration": 3, "azure_user_id": "azure_user_286", "created_at": "2025-04-15T01:57:58Z"}}, {"model": "samorzad.vote", "pk": 1988, "fields": {"candidate_registration": 3, "azure_user_id": "azure_user_287", "created_at": "2025-04-02T07:31:29Z"}}, {"model": "samorzad.vote", "pk": 1989, "fields": {"candidate_registration": 2, "azure_user_id": "azure_user_288", "created_at": "2025-04-07T22:34:41Z"}}, {"model": "samorzad.vote", "pk": 1990, "fields": {"candidate_registration": 2, "azure_user_id": "azure_user_289", "created_at": "2025-04-11T12:07:15Z"}}, {"model": "samorzad.vote", "pk": 1991, "fields": {"candidate_registration": 4, "azure_user_id": "azure_user_290", "created_at": "2025-04-01T16:09:10Z"}}, {"model": "samorzad.vote", "pk": 1992, "fields": {"candidate_registration": 3, "azure_user_id": "azure_user_291", "created_at": "2025-04-01T22:31:55Z"}}, {"model": "samorzad.vote", "pk": 1993, "fields": {"candidate_registration": 1, "azure_user_id": "azure_user_292", "created_at": "2025-04-07T09:41:37Z"}}, {"model": "samorzad.vote", "pk": 1994, "fields": {"candidate_registration": 2, "azure_user_id": "azure_user_293", "created_at": "2025-04-10T05:47:05Z"}}, {"model": "samorzad.vote", "pk": 1995, "fields": {"candidate_registration": 4, "azure_user_id": "azure_user_294", "created_at": "2025-04-07T19:12:43Z"}}, {"model": "samorzad.vote", "pk": 1996, "fields": {"candidate_registration": 2, "azure_user_id": "azure_user_295", "created_at": "2025-04-05T10:34:32Z"}}, {"model": "samorzad.vote", "pk": 1997, "fields": {"candidate_registration": 2, "azure_user_id": "azure_user_296", "created_at": "2025-04-09T03:02:58Z"}}, {"model": "samorzad.vote", "pk": 1998, "fields": {"candidate_registration": 3, "azure_user_id": "azure_user_297", "created_at": "2025-04-13T19:33:57Z"}}, {"model": "samorzad.vote", "pk": 1999, "fields": {"candidate_registration": 2, "azure_user_id": "azure_user_298", "created_at": "2025-04-05T08:05:52Z"}}, {"model": "samorzad.vote", "pk": 2000, "fields": {"candidate_registration": 2, "azure_user_id": "azure_user_299", "created_at": "2025-04-05T08:31:48Z"}}, {"model": "samorzad.vote", "pk": 2001, "fields": {"candidate_registration": 3, "azure_user_id": "azure_user_300", "created_at": "2025-04-02T17:08:39Z"}}, {"model": "samorzad.vote", "pk": 2002, "fields": {"candidate_registration": 3, "azure_user_id": "azure_user_301", "created_at": "2025-04-14T19:57:14Z"}}, {"model": "samorzad.vote", "pk": 2003, "fields": {"candidate_registration": 3, "azure_user_id": "azure_user_302", "created_at": "2025-04-12T10:03:34Z"}}, {"model": "samorzad.vote", "pk": 2004, "fields": {"candidate_registration": 3, "azure_user_id": "azure_user_303", "created_at": "2025-04-04T23:08:25Z"}}, {"model": "samorzad.vote", "pk": 2005, "fields": {"candidate_registration": 2, "azure_user_id": "azure_user_304", "created_at": "2025-04-05T01:13:30Z"}}, {"model": "samorzad.vote", "pk": 2006, "fields": {"candidate_registration": 4, "azure_user_id": "azure_user_305", "created_at": "2025-04-03T02:26:01Z"}}, {"model": "samorzad.vote", "pk": 2007, "fields": {"candidate_registration": 2, "azure_user_id": "azure_user_306", "created_at": "2025-04-10T09:22:04Z"}}, {"model": "samorzad.vote", "pk": 2008, "fields": {"candidate_registration": 3, "azure_user_id": "azure_user_307", "created_at": "2025-04-06T04:09:30Z"}}, {"model": "samorzad.vote", "pk": 2009, "fields": {"candidate_registration": 4, "azure_user_id": "azure_user_308", "created_at": "2025-04-09T08:49:56Z"}}, {"model": "samorzad.vote", "pk": 2010, "fields": {"candidate_registration": 2, "azure_user_id": "azure_user_309", "created_at": "2025-04-14T22:38:07Z"}}, {"model": "samorzad.vote", "pk": 2011, "fields": {"candidate_registration": 1, "azure_user_id": "azure_user_310", "created_at": "2025-04-05T17:27:23Z"}}, {"model": "samorzad.vote", "pk": 2012, "fields": {"candidate_registration": 2, "azure_user_id": "azure_user_311", "created_at": "2025-04-02T05:11:46Z"}}, {"model": "samorzad.vote", "pk": 2013, "fields": {"candidate_registration": 2, "azure_user_id": "azure_user_312", "created_at": "2025-04-09T19:26:57Z"}}, {"model": "samorzad.vote", "pk": 2014, "fields": {"candidate_registration": 1, "azure_user_id": "azure_user_313", "created_at": "2025-04-04T00:07:54Z"}}, {"model": "samorzad.vote", "pk": 2015, "fields": {"candidate_registration": 1, "azure_user_id": "azure_user_314", "created_at": "2025-04-02T04:09:15Z"}}, {"model": "samorzad.vote", "pk": 2016, "fields": {"candidate_registration": 4, "azure_user_id": "azure_user_315", "created_at": "2025-04-12T03:32:27Z"}}, {"model": "samorzad.vote", "pk": 2017, "fields": {"candidate_registration": 2, "azure_user_id": "azure_user_316", "created_at": "2025-04-10T18:34:29Z"}}, {"model": "samorzad.vote", "pk": 2018, "fields": {"candidate_registration": 3, "azure_user_id": "azure_user_317", "created_at": "2025-04-01T14:47:08Z"}}, {"model": "samorzad.vote", "pk": 2019, "fields": {"candidate_registration": 3, "azure_user_id": "azure_user_318", "created_at": "2025-04-14T22:35:30Z"}}, {"model": "samorzad.vote", "pk": 2020, "fields": {"candidate_registration": 2, "azure_user_id": "azure_user_319", "created_at": "2025-04-13T09:55:11Z"}}, {"model": "samorzad.vote", "pk": 2021, "fields": {"candidate_registration": 1, "azure_user_id": "azure_user_320", "created_at": "2025-04-14T21:53:37Z"}}, {"model": "samorzad.vote", "pk": 2022, "fields": {"candidate_registration": 2, "azure_user_id": "azure_user_321", "created_at": "2025-04-01T15:07:53Z"}}, {"model": "samorzad.vote", "pk": 2023, "fields": {"candidate_registration": 2, "azure_user_id": "azure_user_322", "created_at": "2025-04-09T00:31:33Z"}}, {"model": "samorzad.vote", "pk": 2024, "fields": {"candidate_registration": 3, "azure_user_id": "azure_user_323", "created_at": "2025-04-04T13:41:32Z"}}, {"model": "samorzad.vote", "pk": 2025, "fields": {"candidate_registration": 4, "azure_user_id": "azure_user_324", "created_at": "2025-04-13T18:06:25Z"}}, {"model": "samorzad.vote", "pk": 2026, "fields": {"candidate_registration": 4, "azure_user_id": "azure_user_325", "created_at": "2025-04-11T20:27:19Z"}}, {"model": "samorzad.vote", "pk": 2027, "fields": {"candidate_registration": 4, "azure_user_id": "azure_user_326", "created_at": "2025-04-12T12:06:47Z"}}, {"model": "samorzad.vote", "pk": 2028, "fields": {"candidate_registration": 2, "azure_user_id": "azure_user_327", "created_at": "2025-04-15T10:50:27Z"}}, {"model": "samorzad.vote", "pk": 2029, "fields": {"candidate_registration": 4, "azure_user_id": "azure_user_328", "created_at": "2025-04-11T05:34:45Z"}}, {"model": "samorzad.vote", "pk": 2030, "fields": {"candidate_registration": 4, "azure_user_id": "azure_user_329", "created_at": "2025-04-09T08:19:19Z"}}, {"model": "samorzad.vote", "pk": 2031, "fields": {"candidate_registration": 4, "azure_user_id": "azure_user_330", "created_at": "2025-04-08T11:52:51Z"}}, {"model": "samorzad.vote", "pk": 2032, "fields": {"candidate_registration": 3, "azure_user_id": "azure_user_331", "created_at": "2025-04-11T15:58:12Z"}}, {"model": "samorzad.vote", "pk": 2033, "fields": {"candidate_registration": 2, "azure_user_id": "azure_user_332", "created_at": "2025-04-15T10:12:04Z"}}, {"model": "samorzad.vote", "pk": 2034, "fields": {"candidate_registration": 3, "azure_user_id": "azure_user_333", "created_at": "2025-04-13T19:26:55Z"}}, {"model": "samorzad.vote", "pk": 2035, "fields": {"candidate_registration": 3, "azure_user_id": "azure_user_334", "created_at": "2025-04-10T21:57:11Z"}}, {"model": "samorzad.vote", "pk": 2036, "fields": {"candidate_registration": 2, "azure_user_id": "azure_user_335", "created_at": "2025-04-09T05:02:13Z"}}, {"model": "samorzad.vote", "pk": 2037, "fields": {"candidate_registration": 2, "azure_user_id": "azure_user_336", "created_at": "2025-04-10T19:22:03Z"}}, {"model": "samorzad.vote", "pk": 2038, "fields": {"candidate_registration": 2, "azure_user_id": "azure_user_337", "created_at": "2025-04-05T12:40:46Z"}}, {"model": "samorzad.vote", "pk": 2039, "fields": {"candidate_registration": 4, "azure_user_id": "azure_user_338", "created_at": "2025-04-06T13:19:58Z"}}, {"model": "samorzad.vote", "pk": 2040, "fields": {"candidate_registration": 1, "azure_user_id": "azure_user_339", "created_at": "2025-04-07T23:05:09Z"}}, {"model": "samorzad.vote", "pk": 2041, "fields": {"candidate_registration": 3, "azure_user_id": "azure_user_340", "created_at": "2025-04-15T10:07:52Z"}}, {"model": "samorzad.vote", "pk": 2042, "fields": {"candidate_registration": 3, "azure_user_id": "azure_user_341", "created_at": "2025-04-12T00:29:25Z"}}, {"model": "samorzad.vote", "pk": 2043, "fields": {"candidate_registration": 1, "azure_user_id": "azure_user_342", "created_at": "2025-04-11T09:50:59Z"}}, {"model": "samorzad.vote", "pk": 2044, "fields": {"candidate_registration": 1, "azure_user_id": "azure_user_343", "created_at": "2025-04-05T05:49:24Z"}}, {"model": "samorzad.vote", "pk": 2045, "fields": {"candidate_registration": 2, "azure_user_id": "azure_user_344", "created_at": "2025-04-06T06:44:58Z"}}, {"model": "samorzad.vote", "pk": 2046, "fields": {"candidate_registration": 4, "azure_user_id": "azure_user_345", "created_at": "2025-04-08T00:09:26Z"}}, {"model": "samorzad.vote", "pk": 2047, "fields": {"candidate_registration": 2, "azure_user_id": "azure_user_346", "created_at": "2025-04-06T22:47:22Z"}}, {"model": "samorzad.vote", "pk": 2048, "fields": {"candidate_registration": 3, "azure_user_id": "azure_user_347", "created_at": "2025-04-10T21:23:38Z"}}, {"model": "samorzad.vote", "pk": 2049, "fields": {"candidate_registration": 2, "azure_user_id": "azure_user_348", "created_at": "2025-04-04T17:15:30Z"}}, {"model": "samorzad.vote", "pk": 2050, "fields": {"candidate_registration": 3, "azure_user_id": "azure_user_349", "created_at": "2025-04-02T19:50:52Z"}}, {"model": "samorzad.vote", "pk": 2051, "fields": {"candidate_registration": 2, "azure_user_id": "azure_user_350", "created_at": "2025-04-11T15:10:19Z"}}, {"model": "samorzad.vote", "pk": 2052, "fields": {"candidate_registration": 3, "azure_user_id": "azure_user_351", "created_at": "2025-04-04T11:58:11Z"}}, {"model": "samorzad.vote", "pk": 2053, "fields": {"candidate_registration": 4, "azure_user_id": "azure_user_352", "created_at": "2025-04-14T03:41:19Z"}}, {"model": "samorzad.vote", "pk": 2054, "fields": {"candidate_registration": 2, "azure_user_id": "azure_user_353", "created_at": "2025-04-14T21:46:55Z"}}, {"model": "samorzad.vote", "pk": 2055, "fields": {"candidate_registration": 3, "azure_user_id": "azure_user_354", "created_at": "2025-04-07T09:02:16Z"}}, {"model": "samorzad.vote", "pk": 2056, "fields": {"candidate_registration": 2, "azure_user_id": "azure_user_355", "created_at": "2025-04-08T17:43:05Z"}}, {"model": "samorzad.vote", "pk": 2057, "fields": {"candidate_registration": 2, "azure_user_id": "azure_user_356", "created_at": "2025-04-10T02:34:24Z"}}, {"model": "samorzad.vote", "pk": 2058, "fields": {"candidate_registration": 3, "azure_user_id": "azure_user_357", "created_at": "2025-04-11T18:45:42Z"}}, {"model": "samorzad.vote", "pk": 2059, "fields": {"candidate_registration": 4, "azure_user_id": "azure_user_358", "created_at": "2025-04-13T15:25:14Z"}}, {"model": "samorzad.vote", "pk": 2060, "fields": {"candidate_registration": 2, "azure_user_id": "azure_user_359", "created_at": "2025-04-09T10:06:43Z"}}, {"model": "samorzad.vote", "pk": 2061, "fields": {"candidate_registration": 3, "azure_user_id": "azure_user_360", "created_at": "2025-04-06T00:43:14Z"}}, {"model": "samorzad.vote", "pk": 2062, "fields": {"candidate_registration": 2, "azure_user_id": "azure_user_361", "created_at": "2025-04-10T01:29:40Z"}}, {"model": "samorzad.vote", "pk": 2063, "fields": {"candidate_registration": 3, "azure_user_id": "azure_user_362", "created_at": "2025-04-14T13:40:16Z"}}, {"model": "samorzad.vote", "pk": 2064, "fields": {"candidate_registration": 2, "azure_user_id": "azure_user_363", "created_at": "2025-04-05T00:05:57Z"}}, {"model": "samorzad.vote", "pk": 2065, "fields": {"candidate_registration": 4, "azure_user_id": "azure_user_364", "created_at": "2025-04-14T22:35:11Z"}}, {"model": "samorzad.vote", "pk": 2066, "fields": {"candidate_registration": 2, "azure_user_id": "azure_user_365", "created_at": "2025-04-09T02:19:35Z"}}, {"model": "samorzad.vote", "pk": 2067, "fields": {"candidate_registration": 4, "azure_user_id": "azure_user_366", "created_at": "2025-04-02T13:13:44Z"}}, {"model": "samorzad.vote", "pk": 2068, "fields": {"candidate_registration": 2, "azure_user_id": "azure_user_367", "created_at": "2025-04-08T12:02:12Z"}}, {"model": "samorzad.vote", "pk": 2069, "fields": {"candidate_registration": 4, "azure_user_id": "azure_user_368", "created_at": "2025-04-12T15:03:51Z"}}, {"model": "samorzad.vote", "pk": 2070, "fields": {"candidate_registration": 1, "azure_user_id": "azure_user_369", "created_at": "2025-04-04T12:44:34Z"}}, {"model": "samorzad.vote", "pk": 2071, "fields": {"candidate_registration": 2, "azure_user_id": "azure_user_370", "created_at": "2025-04-12T19:09:44Z"}}, {"model": "samorzad.vote", "pk": 2072, "fields": {"candidate_registration": 3, "azure_user_id": "azure_user_371", "created_at": "2025-04-02T03:45:22Z"}}, {"model": "samorzad.vote", "pk": 2073, "fields": {"candidate_registration": 3, "azure_user_id": "azure_user_372", "created_at": "2025-04-06T17:18:18Z"}}, {"model": "samorzad.vote", "pk": 2074, "fields": {"candidate_registration": 3, "azure_user_id": "azure_user_373", "created_at": "2025-04-14T21:44:03Z"}}, {"model": "samorzad.vote", "pk": 2075, "fields": {"candidate_registration": 3, "azure_user_id": "azure_user_374", "created_at": "2025-04-12T00:43:55Z"}}, {"model": "samorzad.vote", "pk": 2076, "fields": {"candidate_registration": 3, "azure_user_id": "azure_user_375", "created_at": "2025-04-10T10:26:57Z"}}, {"model": "samorzad.vote", "pk": 2077, "fields": {"candidate_registration": 3, "azure_user_id": "azure_user_376", "created_at": "2025-04-06T05:38:19Z"}}, {"model": "samorzad.vote", "pk": 2078, "fields": {"candidate_registration": 3, "azure_user_id": "azure_user_377", "created_at": "2025-04-01T22:28:10Z"}}, {"model": "samorzad.vote", "pk": 2079, "fields": {"candidate_registration": 4, "azure_user_id": "azure_user_378", "created_at": "2025-04-08T01:12:19Z"}}, {"model": "samorzad.vote", "pk": 2080, "fields": {"candidate_registration": 2, "azure_user_id": "azure_user_379", "created_at": "2025-04-05T03:49:47Z"}}, {"model": "samorzad.vote", "pk": 2081, "fields": {"candidate_registration": 2, "azure_user_id": "azure_user_380", "created_at": "2025-04-03T06:29:38Z"}}, {"model": "samorzad.vote", "pk": 2082, "fields": {"candidate_registration": 2, "azure_user_id": "azure_user_381", "created_at": "2025-04-13T10:39:56Z"}}, {"model": "samorzad.vote", "pk": 2083, "fields": {"candidate_registration": 2, "azure_user_id": "azure_user_382", "created_at": "2025-04-09T10:49:19Z"}}, {"model": "samorzad.vote", "pk": 2084, "fields": {"candidate_registration": 1, "azure_user_id": "azure_user_383", "created_at": "2025-04-10T19:51:05Z"}}, {"model": "samorzad.vote", "pk": 2085, "fields": {"candidate_registration": 2, "azure_user_id": "azure_user_384", "created_at": "2025-04-05T07:12:38Z"}}, {"model": "samorzad.vote", "pk": 2086, "fields": {"candidate_registration": 3, "azure_user_id": "azure_user_385", "created_at": "2025-04-09T03:45:18Z"}}, {"model": "samorzad.vote", "pk": 2087, "fields": {"candidate_registration": 1, "azure_user_id": "azure_user_386", "created_at": "2025-04-03T10:49:32Z"}}, {"model": "samorzad.vote", "pk": 2088, "fields": {"candidate_registration": 2, "azure_user_id": "azure_user_387", "created_at": "2025-04-07T23:23:49Z"}}, {"model": "samorzad.vote", "pk": 2089, "fields": {"candidate_registration": 2, "azure_user_id": "azure_user_388", "created_at": "2025-04-11T15:06:55Z"}}, {"model": "samorzad.vote", "pk": 2090, "fields": {"candidate_registration": 4, "azure_user_id": "azure_user_389", "created_at": "2025-04-10T12:34:38Z"}}, {"model": "samorzad.vote", "pk": 2091, "fields": {"candidate_registration": 1, "azure_user_id": "azure_user_390", "created_at": "2025-04-07T15:41:15Z"}}, {"model": "samorzad.vote", "pk": 2092, "fields": {"candidate_registration": 1, "azure_user_id": "azure_user_391", "created_at": "2025-04-04T08:37:13Z"}}, {"model": "samorzad.vote", "pk": 2093, "fields": {"candidate_registration": 2, "azure_user_id": "azure_user_392", "created_at": "2025-04-06T04:49:55Z"}}, {"model": "samorzad.vote", "pk": 2094, "fields": {"candidate_registration": 4, "azure_user_id": "azure_user_393", "created_at": "2025-04-03T04:51:21Z"}}, {"model": "samorzad.vote", "pk": 2095, "fields": {"candidate_registration": 3, "azure_user_id": "azure_user_394", "created_at": "2025-04-14T02:42:52Z"}}, {"model": "samorzad.vote", "pk": 2096, "fields": {"candidate_registration": 4, "azure_user_id": "azure_user_395", "created_at": "2025-04-12T14:22:18Z"}}, {"model": "samorzad.vote", "pk": 2097, "fields": {"candidate_registration": 2, "azure_user_id": "azure_user_396", "created_at": "2025-04-14T05:05:04Z"}}, {"model": "samorzad.vote", "pk": 2098, "fields": {"candidate_registration": 4, "azure_user_id": "azure_user_397", "created_at": "2025-04-13T23:57:20Z"}}, {"model": "samorzad.vote", "pk": 2099, "fields": {"candidate_registration": 2, "azure_user_id": "azure_user_398", "created_at": "2025-04-02T23:16:59Z"}}, {"model": "samorzad.vote", "pk": 2100, "fields": {"candidate_registration": 3, "azure_user_id": "azure_user_399", "created_at": "2025-04-10T08:30:07Z"}}, {"model": "samorzad.vote", "pk": 2101, "fields": {"candidate_registration": 3, "azure_user_id": "azure_user_400", "created_at": "2025-04-02T23:38:57Z"}}, {"model": "samorzad.vote", "pk": 2102, "fields": {"candidate_registration": 4, "azure_user_id": "azure_user_401", "created_at": "2025-04-11T02:58:04Z"}}, {"model": "samorzad.vote", "pk": 2103, "fields": {"candidate_registration": 3, "azure_user_id": "azure_user_402", "created_at": "2025-04-08T01:33:05Z"}}, {"model": "samorzad.vote", "pk": 2104, "fields": {"candidate_registration": 3, "azure_user_id": "azure_user_403", "created_at": "2025-04-15T03:52:55Z"}}, {"model": "samorzad.vote", "pk": 2105, "fields": {"candidate_registration": 3, "azure_user_id": "azure_user_404", "created_at": "2025-04-11T19:48:04Z"}}, {"model": "samorzad.vote", "pk": 2106, "fields": {"candidate_registration": 4, "azure_user_id": "azure_user_405", "created_at": "2025-04-11T14:19:26Z"}}, {"model": "samorzad.vote", "pk": 2107, "fields": {"candidate_registration": 2, "azure_user_id": "azure_user_406", "created_at": "2025-04-14T19:48:24Z"}}, {"model": "samorzad.vote", "pk": 2108, "fields": {"candidate_registration": 2, "azure_user_id": "azure_user_407", "created_at": "2025-04-12T07:35:39Z"}}, {"model": "samorzad.vote", "pk": 2109, "fields": {"candidate_registration": 3, "azure_user_id": "azure_user_408", "created_at": "2025-04-14T12:53:39Z"}}, {"model": "samorzad.vote", "pk": 2110, "fields": {"candidate_registration": 3, "azure_user_id": "azure_user_409", "created_at": "2025-04-12T10:21:15Z"}}, {"model": "samorzad.vote", "pk": 2111, "fields": {"candidate_registration": 2, "azure_user_id": "azure_user_410", "created_at": "2025-04-05T17:30:48Z"}}, {"model": "samorzad.vote", "pk": 2112, "fields": {"candidate_registration": 4, "azure_user_id": "azure_user_411", "created_at": "2025-04-14T23:57:56Z"}}, {"model": "samorzad.vote", "pk": 2113, "fields": {"candidate_registration": 2, "azure_user_id": "azure_user_412", "created_at": "2025-04-07T05:41:52Z"}}, {"model": "samorzad.vote", "pk": 2114, "fields": {"candidate_registration": 1, "azure_user_id": "azure_user_413", "created_at": "2025-04-07T17:15:54Z"}}, {"model": "samorzad.vote", "pk": 2115, "fields": {"candidate_registration": 3, "azure_user_id": "azure_user_414", "created_at": "2025-04-08T11:42:32Z"}}, {"model": "samorzad.vote", "pk": 2116, "fields": {"candidate_registration": 3, "azure_user_id": "azure_user_415", "created_at": "2025-04-02T12:17:55Z"}}, {"model": "samorzad.vote", "pk": 2117, "fields": {"candidate_registration": 2, "azure_user_id": "azure_user_416", "created_at": "2025-04-14T14:32:30Z"}}, {"model": "samorzad.vote", "pk": 2118, "fields": {"candidate_registration": 2, "azure_user_id": "azure_user_417", "created_at": "2025-04-04T10:05:24Z"}}, {"model": "samorzad.vote", "pk": 2119, "fields": {"candidate_registration": 1, "azure_user_id": "azure_user_418", "created_at": "2025-04-09T14:09:35Z"}}, {"model": "samorzad.vote", "pk": 2120, "fields": {"candidate_registration": 1, "azure_user_id": "azure_user_419", "created_at": "2025-04-13T19:03:58Z"}}, {"model": "samorzad.vote", "pk": 2121, "fields": {"candidate_registration": 1, "azure_user_id": "azure_user_420", "created_at": "2025-04-14T22:36:04Z"}}, {"model": "samorzad.vote", "pk": 2122, "fields": {"candidate_registration": 2, "azure_user_id": "azure_user_421", "created_at": "2025-04-10T15:33:36Z"}}, {"model": "samorzad.vote", "pk": 2123, "fields": {"candidate_registration": 4, "azure_user_id": "azure_user_422", "created_at": "2025-04-01T21:03:37Z"}}, {"model": "samorzad.vote", "pk": 2124, "fields": {"candidate_registration": 2, "azure_user_id": "azure_user_423", "created_at": "2025-04-04T02:31:25Z"}}, {"model": "samorzad.vote", "pk": 2125, "fields": {"candidate_registration": 2, "azure_user_id": "azure_user_424", "created_at": "2025-04-07T16:53:43Z"}}, {"model": "samorzad.vote", "pk": 2126, "fields": {"candidate_registration": 4, "azure_user_id": "azure_user_425", "created_at": "2025-04-15T03:31:35Z"}}, {"model": "samorzad.vote", "pk": 2127, "fields": {"candidate_registration": 2, "azure_user_id": "azure_user_426", "created_at": "2025-04-12T19:28:27Z"}}, {"model": "samorzad.vote", "pk": 2128, "fields": {"candidate_registration": 2, "azure_user_id": "azure_user_427", "created_at": "2025-04-13T00:37:07Z"}}, {"model": "samorzad.vote", "pk": 2129, "fields": {"candidate_registration": 3, "azure_user_id": "azure_user_428", "created_at": "2025-04-05T08:12:51Z"}}, {"model": "samorzad.vote", "pk": 2130, "fields": {"candidate_registration": 1, "azure_user_id": "azure_user_429", "created_at": "2025-04-04T08:50:05Z"}}, {"model": "samorzad.vote", "pk": 2131, "fields": {"candidate_registration": 2, "azure_user_id": "azure_user_430", "created_at": "2025-04-02T22:44:57Z"}}, {"model": "samorzad.vote", "pk": 2132, "fields": {"candidate_registration": 4, "azure_user_id": "azure_user_431", "created_at": "2025-04-15T06:03:03Z"}}, {"model": "samorzad.vote", "pk": 2133, "fields": {"candidate_registration": 2, "azure_user_id": "azure_user_432", "created_at": "2025-04-03T07:17:15Z"}}, {"model": "samorzad.vote", "pk": 2134, "fields": {"candidate_registration": 2, "azure_user_id": "azure_user_433", "created_at": "2025-04-06T06:35:30Z"}}, {"model": "samorzad.vote", "pk": 2135, "fields": {"candidate_registration": 2, "azure_user_id": "azure_user_434", "created_at": "2025-04-03T15:05:07Z"}}, {"model": "samorzad.vote", "pk": 2136, "fields": {"candidate_registration": 3, "azure_user_id": "azure_user_435", "created_at": "2025-04-08T15:48:34Z"}}, {"model": "samorzad.vote", "pk": 2137, "fields": {"candidate_registration": 4, "azure_user_id": "azure_user_436", "created_at": "2025-04-10T02:21:57Z"}}, {"model": "samorzad.vote", "pk": 2138, "fields": {"candidate_registration": 3, "azure_user_id": "azure_user_437", "created_at": "2025-04-10T13:29:35Z"}}, {"model": "samorzad.vote", "pk": 2139, "fields": {"candidate_registration": 2, "azure_user_id": "azure_user_438", "created_at": "2025-04-12T10:42:11Z"}}, {"model": "samorzad.vote", "pk": 2140, "fields": {"candidate_registration": 2, "azure_user_id": "azure_user_439", "created_at": "2025-04-05T18:59:29Z"}}, {"model": "samorzad.vote", "pk": 2141, "fields": {"candidate_registration": 2, "azure_user_id": "azure_user_440", "created_at": "2025-04-04T12:48:08Z"}}, {"model": "samorzad.vote", "pk": 2142, "fields": {"candidate_registration": 2, "azure_user_id": "azure_user_441", "created_at": "2025-04-15T09:05:43Z"}}, {"model": "samorzad.vote", "pk": 2143, "fields": {"candidate_registration": 3, "azure_user_id": "azure_user_442", "created_at": "2025-04-12T15:52:33Z"}}, {"model": "samorzad.vote", "pk": 2144, "fields": {"candidate_registration": 3, "azure_user_id": "azure_user_443", "created_at": "2025-04-05T15:10:22Z"}}, {"model": "samorzad.vote", "pk": 2145, "fields": {"candidate_registration": 1, "azure_user_id": "azure_user_444", "created_at": "2025-04-10T00:37:34Z"}}, {"model": "samorzad.vote", "pk": 2146, "fields": {"candidate_registration": 4, "azure_user_id": "azure_user_445", "created_at": "2025-04-12T18:06:43Z"}}, {"model": "samorzad.vote", "pk": 2147, "fields": {"candidate_registration": 2, "azure_user_id": "azure_user_446", "created_at": "2025-04-04T17:50:48Z"}}, {"model": "samorzad.vote", "pk": 2148, "fields": {"candidate_registration": 2, "azure_user_id": "azure_user_447", "created_at": "2025-04-10T22:51:21Z"}}, {"model": "samorzad.vote", "pk": 2149, "fields": {"candidate_registration": 2, "azure_user_id": "azure_user_448", "created_at": "2025-04-02T16:01:51Z"}}, {"model": "samorzad.vote", "pk": 2150, "fields": {"candidate_registration": 3, "azure_user_id": "azure_user_449", "created_at": "2025-04-14T18:05:30Z"}}, {"model": "samorzad.vote", "pk": 2151, "fields": {"candidate_registration": 2, "azure_user_id": "azure_user_450", "created_at": "2025-04-11T21:01:36Z"}}, {"model": "samorzad.vote", "pk": 2152, "fields": {"candidate_registration": 4, "azure_user_id": "azure_user_451", "created_at": "2025-04-14T17:37:51Z"}}, {"model": "samorzad.vote", "pk": 2153, "fields": {"candidate_registration": 3, "azure_user_id": "azure_user_452", "created_at": "2025-04-06T02:17:06Z"}}, {"model": "samorzad.vote", "pk": 2154, "fields": {"candidate_registration": 3, "azure_user_id": "azure_user_453", "created_at": "2025-04-15T10:44:39Z"}}, {"model": "samorzad.vote", "pk": 2155, "fields": {"candidate_registration": 4, "azure_user_id": "azure_user_454", "created_at": "2025-04-04T18:45:30Z"}}, {"model": "samorzad.vote", "pk": 2156, "fields": {"candidate_registration": 4, "azure_user_id": "azure_user_455", "created_at": "2025-04-09T11:19:45Z"}}, {"model": "samorzad.vote", "pk": 2157, "fields": {"candidate_registration": 4, "azure_user_id": "azure_user_456", "created_at": "2025-04-02T01:49:00Z"}}, {"model": "samorzad.vote", "pk": 2158, "fields": {"candidate_registration": 4, "azure_user_id": "azure_user_457", "created_at": "2025-04-13T04:57:42Z"}}, {"model": "samorzad.vote", "pk": 2159, "fields": {"candidate_registration": 4, "azure_user_id": "azure_user_458", "created_at": "2025-04-15T06:34:16Z"}}, {"model": "samorzad.vote", "pk": 2160, "fields": {"candidate_registration": 2, "azure_user_id": "azure_user_459", "created_at": "2025-04-04T16:31:04Z"}}, {"model": "samorzad.vote", "pk": 2161, "fields": {"candidate_registration": 1, "azure_user_id": "azure_user_460", "created_at": "2025-04-03T20:51:41Z"}}, {"model": "samorzad.vote", "pk": 2162, "fields": {"candidate_registration": 3, "azure_user_id": "azure_user_461", "created_at": "2025-04-13T00:39:56Z"}}, {"model": "samorzad.vote", "pk": 2163, "fields": {"candidate_registration": 3, "azure_user_id": "azure_user_462", "created_at": "2025-04-03T17:08:23Z"}}, {"model": "samorzad.vote", "pk": 2164, "fields": {"candidate_registration": 2, "azure_user_id": "azure_user_463", "created_at": "2025-04-12T16:22:01Z"}}, {"model": "samorzad.vote", "pk": 2165, "fields": {"candidate_registration": 2, "azure_user_id": "azure_user_464", "created_at": "2025-04-01T10:03:26Z"}}, {"model": "samorzad.vote", "pk": 2166, "fields": {"candidate_registration": 1, "azure_user_id": "azure_user_465", "created_at": "2025-04-12T17:06:44Z"}}, {"model": "samorzad.vote", "pk": 2167, "fields": {"candidate_registration": 4, "azure_user_id": "azure_user_466", "created_at": "2025-04-03T15:39:23Z"}}, {"model": "samorzad.vote", "pk": 2168, "fields": {"candidate_registration": 4, "azure_user_id": "azure_user_467", "created_at": "2025-04-05T13:57:10Z"}}, {"model": "samorzad.vote", "pk": 2169, "fields": {"candidate_registration": 2, "azure_user_id": "azure_user_468", "created_at": "2025-04-14T10:34:44Z"}}, {"model": "samorzad.vote", "pk": 2170, "fields": {"candidate_registration": 4, "azure_user_id": "azure_user_469", "created_at": "2025-04-03T22:52:29Z"}}, {"model": "samorzad.vote", "pk": 2171, "fields": {"candidate_registration": 3, "azure_user_id": "azure_user_470", "created_at": "2025-04-03T10:52:29Z"}}, {"model": "samorzad.vote", "pk": 2172, "fields": {"candidate_registration": 2, "azure_user_id": "azure_user_471", "created_at": "2025-04-08T17:53:13Z"}}, {"model": "samorzad.vote", "pk": 2173, "fields": {"candidate_registration": 3, "azure_user_id": "azure_user_472", "created_at": "2025-04-06T04:50:27Z"}}, {"model": "samorzad.vote", "pk": 2174, "fields": {"candidate_registration": 1, "azure_user_id": "azure_user_473", "created_at": "2025-04-10T08:21:09Z"}}, {"model": "samorzad.vote", "pk": 2175, "fields": {"candidate_registration": 4, "azure_user_id": "azure_user_474", "created_at": "2025-04-09T19:37:31Z"}}, {"model": "samorzad.vote", "pk": 2176, "fields": {"candidate_registration": 3, "azure_user_id": "azure_user_475", "created_at": "2025-04-05T00:25:32Z"}}, {"model": "samorzad.vote", "pk": 2177, "fields": {"candidate_registration": 3, "azure_user_id": "azure_user_476", "created_at": "2025-04-13T08:23:47Z"}}, {"model": "samorzad.vote", "pk": 2178, "fields": {"candidate_registration": 1, "azure_user_id": "azure_user_477", "created_at": "2025-04-10T05:52:48Z"}}, {"model": "samorzad.vote", "pk": 2179, "fields": {"candidate_registration": 2, "azure_user_id": "azure_user_478", "created_at": "2025-04-05T00:31:45Z"}}, {"model": "samorzad.vote", "pk": 2180, "fields": {"candidate_registration": 2, "azure_user_id": "azure_user_479", "created_at": "2025-04-11T10:35:59Z"}}, {"model": "samorzad.vote", "pk": 2181, "fields": {"candidate_registration": 2, "azure_user_id": "azure_user_480", "created_at": "2025-04-09T23:15:40Z"}}, {"model": "samorzad.vote", "pk": 2182, "fields": {"candidate_registration": 2, "azure_user_id": "azure_user_481", "created_at": "2025-04-06T11:05:23Z"}}, {"model": "samorzad.vote", "pk": 2183, "fields": {"candidate_registration": 4, "azure_user_id": "azure_user_482", "created_at": "2025-04-04T16:58:48Z"}}, {"model": "samorzad.vote", "pk": 2184, "fields": {"candidate_registration": 3, "azure_user_id": "azure_user_483", "created_at": "2025-04-10T08:45:46Z"}}, {"model": "samorzad.vote", "pk": 2185, "fields": {"candidate_registration": 4, "azure_user_id": "azure_user_484", "created_at": "2025-04-03T11:35:32Z"}}, {"model": "samorzad.vote", "pk": 2186, "fields": {"candidate_registration": 2, "azure_user_id": "azure_user_485", "created_at": "2025-04-08T02:09:10Z"}}, {"model": "samorzad.vote", "pk": 2187, "fields": {"candidate_registration": 1, "azure_user_id": "azure_user_486", "created_at": "2025-04-11T18:28:54Z"}}, {"model": "samorzad.vote", "pk": 2188, "fields": {"candidate_registration": 1, "azure_user_id": "azure_user_487", "created_at": "2025-04-05T04:17:19Z"}}, {"model": "samorzad.vote", "pk": 2189, "fields": {"candidate_registration": 3, "azure_user_id": "azure_user_488", "created_at": "2025-04-05T18:33:47Z"}}, {"model": "samorzad.vote", "pk": 2190, "fields": {"candidate_registration": 2, "azure_user_id": "azure_user_489", "created_at": "2025-04-04T14:54:49Z"}}, {"model": "samorzad.vote", "pk": 2191, "fields": {"candidate_registration": 3, "azure_user_id": "azure_user_490", "created_at": "2025-04-08T19:10:49Z"}}, {"model": "samorzad.vote", "pk": 2192, "fields": {"candidate_registration": 2, "azure_user_id": "azure_user_491", "created_at": "2025-04-11T20:25:53Z"}}, {"model": "samorzad.vote", "pk": 2193, "fields": {"candidate_registration": 2, "azure_user_id": "azure_user_492", "created_at": "2025-04-13T19:26:15Z"}}, {"model": "samorzad.vote", "pk": 2194, "fields": {"candidate_registration": 2, "azure_user_id": "azure_user_493", "created_at": "2025-04-12T12:10:58Z"}}, {"model": "samorzad.vote", "pk": 2195, "fields": {"candidate_registration": 2, "azure_user_id": "azure_user_494", "created_at": "2025-04-02T14:21:10Z"}}, {"model": "samorzad.vote", "pk": 2196, "fields": {"candidate_registration": 2, "azure_user_id": "azure_user_495", "created_at": "2025-04-11T21:13:04Z"}}, {"model": "samorzad.vote", "pk": 2197, "fields": {"candidate_registration": 2, "azure_user_id": "azure_user_496", "created_at": "2025-04-01T17:53:14Z"}}, {"model": "samorzad.vote", "pk": 2198, "fields": {"candidate_registration": 2, "azure_user_id": "azure_user_497", "created_at": "2025-04-08T11:15:26Z"}}, {"model": "samorzad.vote", "pk": 2199, "fields": {"candidate_registration": 4, "azure_user_id": "azure_user_498", "created_at": "2025-04-15T03:32:31Z"}}, {"model": "samorzad.vote", "pk": 2200, "fields": {"candidate_registration": 3, "azure_user_id": "azure_user_499", "created_at": "2025-04-03T01:52:35Z"}}, {"model": "samorzad.vote", "pk": 2201, "fields": {"candidate_registration": 2, "azure_user_id": "azure_user_500", "created_at": "2025-04-09T15:41:20Z"}}, {"model": "samorzad.vote", "pk": 2202, "fields": {"candidate_registration": 3, "azure_user_id": "azure_user_501", "created_at": "2025-04-07T18:04:10Z"}}, {"model": "samorzad.vote", "pk": 2203, "fields": {"candidate_registration": 3, "azure_user_id": "azure_user_502", "created_at": "2025-04-05T18:03:01Z"}}, {"model": "samorzad.vote", "pk": 2204, "fields": {"candidate_registration": 2, "azure_user_id": "azure_user_503", "created_at": "2025-04-11T05:00:18Z"}}, {"model": "samorzad.vote", "pk": 2205, "fields": {"candidate_registration": 1, "azure_user_id": "azure_user_504", "created_at": "2025-04-13T19:31:50Z"}}, {"model": "samorzad.vote", "pk": 2206, "fields": {"candidate_registration": 3, "azure_user_id": "azure_user_505", "created_at": "2025-04-04T18:08:47Z"}}, {"model": "samorzad.vote", "pk": 2207, "fields": {"candidate_registration": 4, "azure_user_id": "azure_user_506", "created_at": "2025-04-05T11:35:34Z"}}, {"model": "samorzad.vote", "pk": 2208, "fields": {"candidate_registration": 3, "azure_user_id": "azure_user_507", "created_at": "2025-04-08T11:21:38Z"}}, {"model": "samorzad.vote", "pk": 2209, "fields": {"candidate_registration": 1, "azure_user_id": "azure_user_508", "created_at": "2025-04-01T10:47:27Z"}}, {"model": "samorzad.vote", "pk": 2210, "fields": {"candidate_registration": 4, "azure_user_id": "azure_user_509", "created_at": "2025-04-10T04:20:09Z"}}, {"model": "samorzad.vote", "pk": 2211, "fields": {"candidate_registration": 2, "azure_user_id": "azure_user_510", "created_at": "2025-04-05T13:37:38Z"}}, {"model": "samorzad.vote", "pk": 2212, "fields": {"candidate_registration": 2, "azure_user_id": "azure_user_511", "created_at": "2025-04-05T19:04:09Z"}}, {"model": "samorzad.vote", "pk": 2213, "fields": {"candidate_registration": 2, "azure_user_id": "azure_user_512", "created_at": "2025-04-01T16:18:21Z"}}, {"model": "samorzad.vote", "pk": 2214, "fields": {"candidate_registration": 2, "azure_user_id": "azure_user_513", "created_at": "2025-04-02T15:02:01Z"}}, {"model": "samorzad.vote", "pk": 2215, "fields": {"candidate_registration": 4, "azure_user_id": "azure_user_514", "created_at": "2025-04-02T22:31:09Z"}}, {"model": "samorzad.vote", "pk": 2216, "fields": {"candidate_registration": 3, "azure_user_id": "azure_user_515", "created_at": "2025-04-06T08:36:47Z"}}, {"model": "samorzad.vote", "pk": 2217, "fields": {"candidate_registration": 2, "azure_user_id": "azure_user_516", "created_at": "2025-04-08T04:33:37Z"}}, {"model": "samorzad.vote", "pk": 2218, "fields": {"candidate_registration": 2, "azure_user_id": "azure_user_517", "created_at": "2025-04-04T02:30:03Z"}}, {"model": "samorzad.vote", "pk": 2219, "fields": {"candidate_registration": 4, "azure_user_id": "azure_user_518", "created_at": "2025-04-02T01:19:05Z"}}, {"model": "samorzad.vote", "pk": 2220, "fields": {"candidate_registration": 3, "azure_user_id": "azure_user_519", "created_at": "2025-04-08T13:25:31Z"}}, {"model": "samorzad.vote", "pk": 2221, "fields": {"candidate_registration": 3, "azure_user_id": "azure_user_520", "created_at": "2025-04-15T09:24:10Z"}}, {"model": "samorzad.vote", "pk": 2222, "fields": {"candidate_registration": 4, "azure_user_id": "azure_user_521", "created_at": "2025-04-14T02:43:03Z"}}, {"model": "samorzad.vote", "pk": 2223, "fields": {"candidate_registration": 2, "azure_user_id": "azure_user_522", "created_at": "2025-04-01T23:29:13Z"}}, {"model": "samorzad.vote", "pk": 2224, "fields": {"candidate_registration": 2, "azure_user_id": "azure_user_523", "created_at": "2025-04-12T14:26:30Z"}}, {"model": "samorzad.vote", "pk": 2225, "fields": {"candidate_registration": 1, "azure_user_id": "azure_user_524", "created_at": "2025-04-08T02:42:27Z"}}, {"model": "samorzad.vote", "pk": 2226, "fields": {"candidate_registration": 3, "azure_user_id": "azure_user_525", "created_at": "2025-04-07T20:11:10Z"}}, {"model": "samorzad.vote", "pk": 2227, "fields": {"candidate_registration": 4, "azure_user_id": "azure_user_526", "created_at": "2025-04-12T23:00:58Z"}}, {"model": "samorzad.vote", "pk": 2228, "fields": {"candidate_registration": 4, "azure_user_id": "azure_user_527", "created_at": "2025-04-09T13:49:18Z"}}, {"model": "samorzad.vote", "pk": 2229, "fields": {"candidate_registration": 2, "azure_user_id": "azure_user_528", "created_at": "2025-04-06T21:33:27Z"}}, {"model": "samorzad.vote", "pk": 2230, "fields": {"candidate_registration": 1, "azure_user_id": "azure_user_529", "created_at": "2025-04-13T07:45:17Z"}}, {"model": "samorzad.vote", "pk": 2231, "fields": {"candidate_registration": 2, "azure_user_id": "azure_user_530", "created_at": "2025-04-12T09:32:06Z"}}, {"model": "samorzad.vote", "pk": 2232, "fields": {"candidate_registration": 2, "azure_user_id": "azure_user_531", "created_at": "2025-04-05T11:35:24Z"}}, {"model": "samorzad.vote", "pk": 2233, "fields": {"candidate_registration": 2, "azure_user_id": "azure_user_532", "created_at": "2025-04-13T07:56:58Z"}}, {"model": "samorzad.vote", "pk": 2234, "fields": {"candidate_registration": 4, "azure_user_id": "azure_user_533", "created_at": "2025-04-11T01:57:02Z"}}, {"model": "samorzad.vote", "pk": 2235, "fields": {"candidate_registration": 4, "azure_user_id": "azure_user_534", "created_at": "2025-04-09T22:31:54Z"}}, {"model": "samorzad.vote", "pk": 2236, "fields": {"candidate_registration": 2, "azure_user_id": "azure_user_535", "created_at": "2025-04-03T22:26:38Z"}}, {"model": "samorzad.vote", "pk": 2237, "fields": {"candidate_registration": 2, "azure_user_id": "azure_user_536", "created_at": "2025-04-14T20:42:47Z"}}, {"model": "samorzad.vote", "pk": 2238, "fields": {"candidate_registration": 2, "azure_user_id": "azure_user_537", "created_at": "2025-04-07T04:50:24Z"}}, {"model": "samorzad.vote", "pk": 2239, "fields": {"candidate_registration": 4, "azure_user_id": "azure_user_538", "created_at": "2025-04-03T00:40:16Z"}}, {"model": "samorzad.vote", "pk": 2240, "fields": {"candidate_registration": 4, "azure_user_id": "azure_user_539", "created_at": "2025-04-06T23:00:57Z"}}, {"model": "samorzad.vote", "pk": 2241, "fields": {"candidate_registration": 2, "azure_user_id": "azure_user_540", "created_at": "2025-04-14T07:35:49Z"}}, {"model": "samorzad.vote", "pk": 2242, "fields": {"candidate_registration": 3, "azure_user_id": "azure_user_541", "created_at": "2025-04-03T10:36:18Z"}}, {"model": "samorzad.vote", "pk": 2243, "fields": {"candidate_registration": 2, "azure_user_id": "azure_user_542", "created_at": "2025-04-02T12:23:56Z"}}, {"model": "samorzad.vote", "pk": 2244, "fields": {"candidate_registration": 2, "azure_user_id": "azure_user_543", "created_at": "2025-04-07T18:18:09Z"}}, {"model": "samorzad.vote", "pk": 2245, "fields": {"candidate_registration": 1, "azure_user_id": "azure_user_544", "created_at": "2025-04-03T17:42:21Z"}}, {"model": "samorzad.vote", "pk": 2246, "fields": {"candidate_registration": 2, "azure_user_id": "azure_user_545", "created_at": "2025-04-08T02:11:05Z"}}, {"model": "samorzad.vote", "pk": 2247, "fields": {"candidate_registration": 2, "azure_user_id": "azure_user_546", "created_at": "2025-04-14T03:01:11Z"}}, {"model": "samorzad.vote", "pk": 2248, "fields": {"candidate_registration": 1, "azure_user_id": "azure_user_547", "created_at": "2025-04-11T21:21:19Z"}}, {"model": "samorzad.vote", "pk": 2249, "fields": {"candidate_registration": 4, "azure_user_id": "azure_user_548", "created_at": "2025-04-05T08:50:13Z"}}, {"model": "samorzad.vote", "pk": 2250, "fields": {"candidate_registration": 1, "azure_user_id": "azure_user_549", "created_at": "2025-04-09T13:46:23Z"}}, {"model": "samorzad.vote", "pk": 2251, "fields": {"candidate_registration": 2, "azure_user_id": "azure_user_550", "created_at": "2025-04-11T00:28:30Z"}}, {"model": "samorzad.vote", "pk": 2252, "fields": {"candidate_registration": 3, "azure_user_id": "azure_user_551", "created_at": "2025-04-15T07:27:30Z"}}, {"model": "samorzad.vote", "pk": 2253, "fields": {"candidate_registration": 1, "azure_user_id": "azure_user_552", "created_at": "2025-04-03T02:30:09Z"}}, {"model": "samorzad.vote", "pk": 2254, "fields": {"candidate_registration": 3, "azure_user_id": "azure_user_553", "created_at": "2025-04-09T08:15:11Z"}}, {"model": "samorzad.vote", "pk": 2255, "fields": {"candidate_registration": 2, "azure_user_id": "azure_user_554", "created_at": "2025-04-13T19:51:45Z"}}, {"model": "samorzad.vote", "pk": 2256, "fields": {"candidate_registration": 3, "azure_user_id": "azure_user_555", "created_at": "2025-04-08T00:35:04Z"}}, {"model": "samorzad.vote", "pk": 2257, "fields": {"candidate_registration": 4, "azure_user_id": "azure_user_556", "created_at": "2025-04-06T03:33:50Z"}}, {"model": "samorzad.vote", "pk": 2258, "fields": {"candidate_registration": 2, "azure_user_id": "azure_user_557", "created_at": "2025-04-07T05:23:59Z"}}, {"model": "samorzad.vote", "pk": 2259, "fields": {"candidate_registration": 4, "azure_user_id": "azure_user_558", "created_at": "2025-04-11T05:51:07Z"}}, {"model": "samorzad.vote", "pk": 2260, "fields": {"candidate_registration": 1, "azure_user_id": "azure_user_559", "created_at": "2025-04-07T00:16:24Z"}}, {"model": "samorzad.vote", "pk": 2261, "fields": {"candidate_registration": 2, "azure_user_id": "azure_user_560", "created_at": "2025-04-09T17:54:42Z"}}, {"model": "samorzad.vote", "pk": 2262, "fields": {"candidate_registration": 4, "azure_user_id": "azure_user_561", "created_at": "2025-04-15T06:56:53Z"}}, {"model": "samorzad.vote", "pk": 2263, "fields": {"candidate_registration": 2, "azure_user_id": "azure_user_562", "created_at": "2025-04-03T04:43:20Z"}}, {"model": "samorzad.vote", "pk": 2264, "fields": {"candidate_registration": 4, "azure_user_id": "azure_user_563", "created_at": "2025-04-07T22:16:04Z"}}, {"model": "samorzad.vote", "pk": 2265, "fields": {"candidate_registration": 2, "azure_user_id": "azure_user_564", "created_at": "2025-04-12T02:13:28Z"}}, {"model": "samorzad.vote", "pk": 2266, "fields": {"candidate_registration": 2, "azure_user_id": "azure_user_565", "created_at": "2025-04-03T15:16:13Z"}}, {"model": "samorzad.vote", "pk": 2267, "fields": {"candidate_registration": 1, "azure_user_id": "azure_user_566", "created_at": "2025-04-09T23:25:02Z"}}, {"model": "samorzad.vote", "pk": 2268, "fields": {"candidate_registration": 4, "azure_user_id": "azure_user_567", "created_at": "2025-04-12T03:34:05Z"}}, {"model": "samorzad.vote", "pk": 2269, "fields": {"candidate_registration": 2, "azure_user_id": "d2dbd6b5-7d76-4f7e-b1c9-aa76a77dfda7", "created_at": "2025-04-06T15:46:57.222Z"}}, {"model": "admin.logentry", "pk": 1, "fields": {"action_time": "2025-04-06T14:56:44.955Z", "user": 1, "content_type": 7, "object_id": "1", "object_repr": "Candiate(first_name=Piotr, last_name=Wyrwiński)", "action_flag": 1, "change_message": "[{\"added\": {}}]"}}, {"model": "admin.logentry", "pk": 2, "fields": {"action_time": "2025-04-06T14:57:06.657Z", "user": 1, "content_type": 7, "object_id": "2", "object_repr": "Candiate(first_name=Zdzisław, last_name=Dajmispokój)", "action_flag": 1, "change_message": "[{\"added\": {}}]"}}, {"model": "admin.logentry", "pk": 3, "fields": {"action_time": "2025-04-06T14:57:45.892Z", "user": 1, "content_type": 7, "object_id": "3", "object_repr": "Candiate(first_name=Michalina, last_name=Nowaczyk)", "action_flag": 1, "change_message": "[{\"added\": {}}]"}}, {"model": "admin.logentry", "pk": 4, "fields": {"action_time": "2025-04-06T14:58:25.924Z", "user": 1, "content_type": 7, "object_id": "4", "object_repr": "Candiate(first_name=Jakub, last_name=Sadziński)", "action_flag": 1, "change_message": "[{\"added\": {}}]"}}, {"model": "admin.logentry", "pk": 5, "fields": {"action_time": "2025-04-06T15:00:35.648Z", "user": 1, "content_type": 8, "object_id": "1", "object_repr": "Voting(start=2023.12.15 11:00:00, end=2023.12.18 13:00:00)", "action_flag": 1, "change_message": "[{\"added\": {}}]"}}, {"model": "admin.logentry", "pk": 6, "fields": {"action_time": "2025-04-06T15:01:10.746Z", "user": 1, "content_type": 8, "object_id": "2", "object_repr": "Voting(start=2025.04.01 12:00:00, end=2025.04.15 14:00:00)", "action_flag": 1, "change_message": "[{\"added\": {}}]"}}, {"model": "admin.logentry", "pk": 7, "fields": {"action_time": "2025-04-06T15:01:34.305Z", "user": 1, "content_type": 8, "object_id": "3", "object_repr": "Voting(start=2024.07.10 14:00:00, end=2024.07.15 22:00:00)", "action_flag": 1, "change_message": "[{\"added\": {}}]"}}, {"model": "admin.logentry", "pk": 8, "fields": {"action_time": "2025-04-06T15:02:07.564Z", "user": 1, "content_type": 8, "object_id": "4", "object_repr": "Voting(start=2021.03.30 12:00:00, end=2021.04.12 12:00:00)", "action_flag": 1, "change_message": "[{\"added\": {}}]"}}, {"model": "admin.logentry", "pk": 9, "fields": {"action_time": "2025-04-06T15:02:35.631Z", "user": 1, "content_type": 11, "object_id": "1", "object_repr": "CandidateRegistration(candidate=1, voting=2)", "action_flag": 1, "change_message": "[{\"added\": {}}]"}}, {"model": "admin.logentry", "pk": 10, "fields": {"action_time": "2025-04-06T15:03:07.406Z", "user": 1, "content_type": 11, "object_id": "2", "object_repr": "CandidateRegistration(candidate=2, voting=2)", "action_flag": 1, "change_message": "[{\"added\": {}}]"}}, {"model": "admin.logentry", "pk": 11, "fields": {"action_time": "2025-04-06T15:03:12.075Z", "user": 1, "content_type": 11, "object_id": "3", "object_repr": "CandidateRegistration(candidate=3, voting=2)", "action_flag": 1, "change_message": "[{\"added\": {}}]"}}, {"model": "admin.logentry", "pk": 12, "fields": {"action_time": "2025-04-06T15:03:16.404Z", "user": 1, "content_type": 11, "object_id": "4", "object_repr": "CandidateRegistration(candidate=4, voting=2)", "action_flag": 1, "change_message": "[{\"added\": {}}]"}}, {"model": "admin.logentry", "pk": 13, "fields": {"action_time": "2025-04-06T15:09:59.191Z", "user": 1, "content_type": 10, "object_id": "1", "object_repr": "ElectoralProgram(candidate=1, voting=2)", "action_flag": 1, "change_message": "[{\"added\": {}}]"}}, {"model": "admin.logentry", "pk": 14, "fields": {"action_time": "2025-04-06T15:10:19.332Z", "user": 1, "content_type": 10, "object_id": "2", "object_repr": "ElectoralProgram(candidate=2, voting=2)", "action_flag": 1, "change_message": "[{\"added\": {}}]"}}, {"model": "admin.logentry", "pk": 15, "fields": {"action_time": "2025-04-06T15:10:59.436Z", "user": 1, "content_type": 10, "object_id": "3", "object_repr": "ElectoralProgram(candidate=3, voting=2)", "action_flag": 1, "change_message": "[{\"added\": {}}]"}}, {"model": "admin.logentry", "pk": 16, "fields": {"action_time": "2025-04-06T15:12:21.895Z", "user": 1, "content_type": 10, "object_id": "4", "object_repr": "ElectoralProgram(candidate=4, voting=2)", "action_flag": 1, "change_message": "[{\"added\": {}}]"}}, {"model": "auth.permission", "pk": 1, "fields": {"name": "Can add oscar", "content_type": 1, "codename": "add_oscar"}}, {"model": "auth.permission", "pk": 2, "fields": {"name": "Can change oscar", "content_type": 1, "codename": "change_oscar"}}, {"model": "auth.permission", "pk": 3, "fields": {"name": "Can delete oscar", "content_type": 1, "codename": "delete_oscar"}}, {"model": "auth.permission", "pk": 4, "fields": {"name": "Can view oscar", "content_type": 1, "codename": "view_oscar"}}, {"model": "auth.permission", "pk": 5, "fields": {"name": "Can add oscar voting", "content_type": 2, "codename": "add_oscarvoting"}}, {"model": "auth.permission", "pk": 6, "fields": {"name": "Can change oscar voting", "content_type": 2, "codename": "change_oscarvoting"}}, {"model": "auth.permission", "pk": 7, "fields": {"name": "Can delete oscar voting", "content_type": 2, "codename": "delete_oscarvoting"}}, {"model": "auth.permission", "pk": 8, "fields": {"name": "Can view oscar voting", "content_type": 2, "codename": "view_oscarvoting"}}, {"model": "auth.permission", "pk": 9, "fields": {"name": "Can add teacher", "content_type": 3, "codename": "add_teacher"}}, {"model": "auth.permission", "pk": 10, "fields": {"name": "Can change teacher", "content_type": 3, "codename": "change_teacher"}}, {"model": "auth.permission", "pk": 11, "fields": {"name": "Can delete teacher", "content_type": 3, "codename": "delete_teacher"}}, {"model": "auth.permission", "pk": 12, "fields": {"name": "Can view teacher", "content_type": 3, "codename": "view_teacher"}}, {"model": "auth.permission", "pk": 13, "fields": {"name": "Can add oscar vote", "content_type": 4, "codename": "add_oscarvote"}}, {"model": "auth.permission", "pk": 14, "fields": {"name": "Can change oscar vote", "content_type": 4, "codename": "change_oscarvote"}}, {"model": "auth.permission", "pk": 15, "fields": {"name": "Can delete oscar vote", "content_type": 4, "codename": "delete_oscarvote"}}, {"model": "auth.permission", "pk": 16, "fields": {"name": "Can view oscar vote", "content_type": 4, "codename": "view_oscarvote"}}, {"model": "auth.permission", "pk": 17, "fields": {"name": "Can add teacher oscar nomination", "content_type": 5, "codename": "add_teacheroscarnomination"}}, {"model": "auth.permission", "pk": 18, "fields": {"name": "Can change teacher oscar nomination", "content_type": 5, "codename": "change_teacheroscarnomination"}}, {"model": "auth.permission", "pk": 19, "fields": {"name": "Can delete teacher oscar nomination", "content_type": 5, "codename": "delete_teacheroscarnomination"}}, {"model": "auth.permission", "pk": 20, "fields": {"name": "Can view teacher oscar nomination", "content_type": 5, "codename": "view_teacheroscarnomination"}}, {"model": "auth.permission", "pk": 21, "fields": {"name": "Can add oscar teacher", "content_type": 6, "codename": "add_oscarteacher"}}, {"model": "auth.permission", "pk": 22, "fields": {"name": "Can change oscar teacher", "content_type": 6, "codename": "change_oscarteacher"}}, {"model": "auth.permission", "pk": 23, "fields": {"name": "Can delete oscar teacher", "content_type": 6, "codename": "delete_oscarteacher"}}, {"model": "auth.permission", "pk": 24, "fields": {"name": "Can view oscar teacher", "content_type": 6, "codename": "view_oscarteacher"}}, {"model": "auth.permission", "pk": 25, "fields": {"name": "Can add candidate", "content_type": 7, "codename": "add_candidate"}}, {"model": "auth.permission", "pk": 26, "fields": {"name": "Can change candidate", "content_type": 7, "codename": "change_candidate"}}, {"model": "auth.permission", "pk": 27, "fields": {"name": "Can delete candidate", "content_type": 7, "codename": "delete_candidate"}}, {"model": "auth.permission", "pk": 28, "fields": {"name": "Can view candidate", "content_type": 7, "codename": "view_candidate"}}, {"model": "auth.permission", "pk": 29, "fields": {"name": "Can add voting", "content_type": 8, "codename": "add_voting"}}, {"model": "auth.permission", "pk": 30, "fields": {"name": "Can change voting", "content_type": 8, "codename": "change_voting"}}, {"model": "auth.permission", "pk": 31, "fields": {"name": "Can delete voting", "content_type": 8, "codename": "delete_voting"}}, {"model": "auth.permission", "pk": 32, "fields": {"name": "Can view voting", "content_type": 8, "codename": "view_voting"}}, {"model": "auth.permission", "pk": 33, "fields": {"name": "Can add vote", "content_type": 9, "codename": "add_vote"}}, {"model": "auth.permission", "pk": 34, "fields": {"name": "Can change vote", "content_type": 9, "codename": "change_vote"}}, {"model": "auth.permission", "pk": 35, "fields": {"name": "Can delete vote", "content_type": 9, "codename": "delete_vote"}}, {"model": "auth.permission", "pk": 36, "fields": {"name": "Can view vote", "content_type": 9, "codename": "view_vote"}}, {"model": "auth.permission", "pk": 37, "fields": {"name": "Can add electoral program", "content_type": 10, "codename": "add_electoralprogram"}}, {"model": "auth.permission", "pk": 38, "fields": {"name": "Can change electoral program", "content_type": 10, "codename": "change_electoralprogram"}}, {"model": "auth.permission", "pk": 39, "fields": {"name": "Can delete electoral program", "content_type": 10, "codename": "delete_electoralprogram"}}, {"model": "auth.permission", "pk": 40, "fields": {"name": "Can view electoral program", "content_type": 10, "codename": "view_electoralprogram"}}, {"model": "auth.permission", "pk": 41, "fields": {"name": "Can add candidate registration", "content_type": 11, "codename": "add_candidateregistration"}}, {"model": "auth.permission", "pk": 42, "fields": {"name": "Can change candidate registration", "content_type": 11, "codename": "change_candidateregistration"}}, {"model": "auth.permission", "pk": 43, "fields": {"name": "Can delete candidate registration", "content_type": 11, "codename": "delete_candidateregistration"}}, {"model": "auth.permission", "pk": 44, "fields": {"name": "Can view candidate registration", "content_type": 11, "codename": "view_candidateregistration"}}, {"model": "auth.permission", "pk": 45, "fields": {"name": "Can add log entry", "content_type": 12, "codename": "add_logentry"}}, {"model": "auth.permission", "pk": 46, "fields": {"name": "Can change log entry", "content_type": 12, "codename": "change_logentry"}}, {"model": "auth.permission", "pk": 47, "fields": {"name": "Can delete log entry", "content_type": 12, "codename": "delete_logentry"}}, {"model": "auth.permission", "pk": 48, "fields": {"name": "Can view log entry", "content_type": 12, "codename": "view_logentry"}}, {"model": "auth.permission", "pk": 49, "fields": {"name": "Can add permission", "content_type": 13, "codename": "add_permission"}}, {"model": "auth.permission", "pk": 50, "fields": {"name": "Can change permission", "content_type": 13, "codename": "change_permission"}}, {"model": "auth.permission", "pk": 51, "fields": {"name": "Can delete permission", "content_type": 13, "codename": "delete_permission"}}, {"model": "auth.permission", "pk": 52, "fields": {"name": "Can view permission", "content_type": 13, "codename": "view_permission"}}, {"model": "auth.permission", "pk": 53, "fields": {"name": "Can add group", "content_type": 14, "codename": "add_group"}}, {"model": "auth.permission", "pk": 54, "fields": {"name": "Can change group", "content_type": 14, "codename": "change_group"}}, {"model": "auth.permission", "pk": 55, "fields": {"name": "Can delete group", "content_type": 14, "codename": "delete_group"}}, {"model": "auth.permission", "pk": 56, "fields": {"name": "Can view group", "content_type": 14, "codename": "view_group"}}, {"model": "auth.permission", "pk": 57, "fields": {"name": "Can add user", "content_type": 15, "codename": "add_user"}}, {"model": "auth.permission", "pk": 58, "fields": {"name": "Can change user", "content_type": 15, "codename": "change_user"}}, {"model": "auth.permission", "pk": 59, "fields": {"name": "Can delete user", "content_type": 15, "codename": "delete_user"}}, {"model": "auth.permission", "pk": 60, "fields": {"name": "Can view user", "content_type": 15, "codename": "view_user"}}, {"model": "auth.permission", "pk": 61, "fields": {"name": "Can add content type", "content_type": 16, "codename": "add_contenttype"}}, {"model": "auth.permission", "pk": 62, "fields": {"name": "Can change content type", "content_type": 16, "codename": "change_contenttype"}}, {"model": "auth.permission", "pk": 63, "fields": {"name": "Can delete content type", "content_type": 16, "codename": "delete_contenttype"}}, {"model": "auth.permission", "pk": 64, "fields": {"name": "Can view content type", "content_type": 16, "codename": "view_contenttype"}}, {"model": "auth.permission", "pk": 65, "fields": {"name": "Can add session", "content_type": 17, "codename": "add_session"}}, {"model": "auth.permission", "pk": 66, "fields": {"name": "Can change session", "content_type": 17, "codename": "change_session"}}, {"model": "auth.permission", "pk": 67, "fields": {"name": "Can delete session", "content_type": 17, "codename": "delete_session"}}, {"model": "auth.permission", "pk": 68, "fields": {"name": "Can view session", "content_type": 17, "codename": "view_session"}}, {"model": "auth.user", "pk": 1, "fields": {"password": "pbkdf2_sha256$600000$PkSiFw85egj8ywBIlxBd4D$pQ3ebzhpj5sLpe+uLAWuDQ7RSOgHSRn0XABwNCs/FL8=", "last_login": "2025-04-06T14:55:09.776Z", "is_superuser": true, "username": "ekonomvote_superuser", "first_name": "", "last_name": "", "email": "YakubKr@proton.me", "is_staff": true, "is_active": true, "date_joined": "2025-04-06T14:55:01.071Z", "groups": [], "user_permissions": []}}, {"model": "contenttypes.contenttype", "pk": 1, "fields": {"app_label": "oscary", "model": "oscar"}}, {"model": "contenttypes.contenttype", "pk": 2, "fields": {"app_label": "oscary", "model": "oscarvoting"}}, {"model": "contenttypes.contenttype", "pk": 3, "fields": {"app_label": "oscary", "model": "teacher"}}, {"model": "contenttypes.contenttype", "pk": 4, "fields": {"app_label": "oscary", "model": "oscarvote"}}, {"model": "contenttypes.contenttype", "pk": 5, "fields": {"app_label": "oscary", "model": "teacheroscarnomination"}}, {"model": "contenttypes.contenttype", "pk": 6, "fields": {"app_label": "oscary", "model": "oscarteacher"}}, {"model": "contenttypes.contenttype", "pk": 7, "fields": {"app_label": "samorzad", "model": "candidate"}}, {"model": "contenttypes.contenttype", "pk": 8, "fields": {"app_label": "samorzad", "model": "voting"}}, {"model": "contenttypes.contenttype", "pk": 9, "fields": {"app_label": "samorzad", "model": "vote"}}, {"model": "contenttypes.contenttype", "pk": 10, "fields": {"app_label": "samorzad", "model": "electoralprogram"}}, {"model": "contenttypes.contenttype", "pk": 11, "fields": {"app_label": "samorzad", "model": "candidateregistration"}}, {"model": "contenttypes.contenttype", "pk": 12, "fields": {"app_label": "admin", "model": "logentry"}}, {"model": "contenttypes.contenttype", "pk": 13, "fields": {"app_label": "auth", "model": "permission"}}, {"model": "contenttypes.contenttype", "pk": 14, "fields": {"app_label": "auth", "model": "group"}}, {"model": "contenttypes.contenttype", "pk": 15, "fields": {"app_label": "auth", "model": "user"}}, {"model": "contenttypes.contenttype", "pk": 16, "fields": {"app_label": "contenttypes", "model": "contenttype"}}, {"model": "contenttypes.contenttype", "pk": 17, "fields": {"app_label": "sessions", "model": "session"}}, {"model": "sessions.session", "pk": "rgrecdaqyir55769p9nklvwd2og3vrsa", "fields": {"session_data": ".eJxVjUuOgzAQRO_iNSCwoRvPMvs5A2p3twfPB0vYrEa5e0iURbJ9VfXq3_wl3nPJsS5H0X1JYj6MWAkCYWpRENoxorZhYN8SIRCiRCE0jUlloaOuutXEVPVc1v3Qxjzoi24wbywQ_-j2-Pmm7St3nLe6p9DdK90zLd1nFv29PLtvgpXKeq5h9h5Z3NCDtV51DgoQHLOynWw_MViAPuCIvUaPox8dROd4ntyA7J253gC9W1JW:1u1RiZ:ppeQmEDOYMZ6DiLcFnuBLo7dgKIjUjqackJbEO55o6E", "expire_date": "2025-04-20T15:15:27.940Z"}}]